Quadra;Bairro;Latitude;longitude;Espécie;nome comum;Hábito;PAP;Altura;Estado geral;;;
1;Centro;6959927;209803;Caesalpinia peltophoroides;Sibipiruna;Árvore;0.46;6.68;Bom;;;
1;Centro;6959902;209817;Handroanthus heptaphyllus;Ipê-roxo;Árvore;0.66;6.68;Bom;;;
2;Centro;6959790;209876;Cinnamomum zeylanicum;Canela-doce;Árvore;0.23;4.16;Bom;;;
2;Centro;6959803;209855;Lagerstroemia indica;Resedá;Árvore;0.46;4.16;Bom;;;
2;Centro;6959794;209794;Psidium guajava;Goiabeira;Árvore;0.21;5.1;Bom;;;
2;Centro;6959857;209781;Leucaena leucocephala;Leucena;Árvore;0.21;5.1;Bom;;;
2;Centro;6959804;209854;Lagerstroemia indica;Resedá ;Árvore;0.31;5.1;Bom;;;
2;Centro;6959806;209850;Lagerstroemia indica;Resedá;Árvore;0.32;5.1;Bom;;;
2;Centro;6959864;209789;Cinnamomum zeylanicum;Canela-doce;Árvore;0.33;5.1;Bom;;;
2;Centro;6959855;209908;Cinnamomum zeylanicum;Canela-doce;Árvore;0.49;5.1;Bom;;;
2;Centro;6959791;209870;Cinnamomum zeylanicum;Canela-doce;Árvore;0.52;5.1;Bom;;;
2;Centro;6959867;209892;Cinnamomum zeylanicum;Canela-doce;Árvore;1.2;5.1;Bom;;;
2;Centro;6959797;209909;sp1;não identificada;Árvore;0.78;5.85;Bom;;;
2;Centro;6959786;209833;Cinnamomum zeylanicum;Canela-doce;Árvore;0.26;5.86;Bom;;;
2;Centro;6959826;209816;Cassia fistula;Acacia;Árvore;0.52;5.87;Bom;;;
2;Centro;6959822;209815;Ligustrum lucidum ;Legusto;Árvore;0.45;5.95;Regular;;;
2;Centro;6959801;209859;Lagerstroemia indica;Resedá ;Árvore;0.22;6.68;Bom;;;
2;Centro;6959867;209795;Cinnamomum zeylanicum;Canela-doce;Árvore;1.33;6.8;Bom;;;
2;Centro;6959830;209810;Cinnamomum zeylanicum;Canela-doce;Árvore;1.73;6.8;Bom;;;
2;Centro;6959839;209794;Caesalpinia peltophoroides;Sibipiruna;Árvore;1.67;8.5;Bom;;;
2;Centro;6959892;209830;Ligustrum lucidum ;Legusto;Árvore;2.1;8.5;Regular;;;
3;Centro;6959754;209925;Micelia campaca;Magnólia-Amarela;Árvore;0.2;3.4;Bom;;;
3;Centro;6959820;209931;Micelia campaca;Magnólia-Amarela;Árvore;0.95;4.2;Bom;;;
3;Centro;6959771;209902;Micelia campaca;Magnólia-Amarela;Árvore;0.33;5.1;Bom;;;
3;Centro;6959769;209905;Micelia campaca;Magnólia-Amarela;Árvore;0.42;5.1;Bom;;;
3;Centro;6959764;209909;Micelia campaca;Magnólia-Amarela;Árvore;0.45;5.1;Bom;;;
3;Centro;6959763;209912;Micelia campaca;Magnólia-Amarela;Árvore;0.48;5.1;Bom;;;
3;Centro;6959751;209929;Micelia campaca;Magnólia-Amarela;Árvore;0.49;5.1;Bom;;;
3;Centro;6959808;209984;Ligustrum lucidum ;Legusto;Árvore;1.57;6.8;Regular;;;
4;Centro;6959677;210052;Handroanthus chrysotrichus;Ipê;Árvore;0.14;2.5;Bom;;;
4;Centro;6959708;210079;Cordia trichotoma ;Louro-brejó;Árvore;0.21;2.8;Bom;;;
4;Centro;6959746;210023;Cinnamomum zeylanicum;Canela-doce;Árvore;0.17;3.3;Bom;;;
4;Centro;6959745;209024;Cinnamomum zeylanicum;Canela-doce;Árvore;0.9;3.34;Bom;;;
4;Centro;6959676;210057;Handroanthus chrysotrichus;Ipê;Árvore;0.16;3.4;Bom;;;
4;Centro;6959663;210030;Octea puberula;Canela Guaicá;Árvore;0.18;3.4;Bom;;;
4;Centro;6959702;210035;Peltophorum dubium;Canafístula;Árvore;0.21;3.4;Bom;;;
4;Centro;6959698;210013;Cinnamomum camphora;Canfora;Árvore;0.27;3.4;Bom;;;
4;Centro;6959780;210049;Cordia trichotoma ;Louro-brejó;Árvore;0.15;3.5;Bom;;;
4;Centro;6959654;209022;Handroanthus heptaphyllus;Ipê-roxo;Árvore;0.32;3.6;Bom;;;
4;Centro;6959747;210047;Bauhinia forficata;Pata-de-Vaca;Árvore;0.38;4.08;Bom;;;
4;Centro;6959634;210070;Handroanthus heptaphyllus;Ipê-roxo;Árvore;0.18;4.2;Bom;;;
4;Centro;6959661;210082;Citrus bergamia;Bergamota;Árvore;0.68;4.2;Bom;;;
4;Centro;6959666;210037;Octea puberula;Canela Guaicá;Árvore;0.26;4.3;Bom;;;
4;Centro;6959641;209053;Handroanthus heptaphyllus;Ipê-roxo;Árvore;0.2;4.4;Bom;;;
4;Centro;6959631;210112;Handroanthus chrysotrichus;Ipê;Árvore;0.26;4.67;Bom;;;
4;Centro;6959672;210024;Handroanthus chrysotrichus;Ipê;Árvore;0.53;4.8;Bom;;;
4;Centro;6959749;210084;Handroanthus chrysotrichus;Ipê;Árvore;0.4;5.01;Bom;;;
4;Centro;6959719;210131;Handroanthus chrysotrichus;Ipê;Árvore;0.42;5.01;Bom;;;
4;Centro;6959693;209001;Handroanthus chrysotrichus;Ipê;Árvore;0.52;5.01;Regular;;;
4;Centro;6959668;209988;Handroanthus chrysotrichus;Ipê;Árvore;0.54;5.01;Bom;;;
4;Centro;6959707;210092;Caesalpinia peltophoroides;Sibipiruna;Árvore;0.14;5.1;Bom;;;
4;Centro;6959656;210034;Senna multijulga;Aleluia/Fedegoso;Árvore;0.18;5.1;Bom;;;
4;Centro;6959673;210046;Octea puberula;Canela Guaicá;Árvore;0.24;5.1;Bom;;;
4;Centro;6959654;210070;Chamaecyparis obtusa;Cipreste;Árvore;0.26;5.1;Bom;;;
4;Centro;6959659;210106;Handroanthus heptaphyllus;Ipê-roxo;Árvore;0.27;5.1;Bom;;;
4;Centro;6959642;210049;Handroanthus heptaphyllus;Ipê-roxo;Árvore;0.3;5.1;Bom;;;
4;Centro;6959648;210102;Handroanthus chrysotrichus;Ipê;Árvore;0.33;5.1;Bom;;;
4;Centro;6959679;210084;Ligustrum lucidum ;Legusto;Árvore;0.36;5.1;Bom;;;
4;Centro;6959675;210075;Ficus benjamina;Figueira;Árvore;0.38;5.1;Bom;;;
4;Centro;6959689;210025;Handroanthus chrysotrichus;Ipê;Árvore;0.4;5.1;Bom;;;
4;Centro;6959685;209996;Handroanthus chrysotrichus;Ipê;Árvore;0.5;5.1;Bom;;;
4;Centro;6959624;210094;Handroanthus chrysotrichus;Ipê;Árvore;0.77;5.1;Bom;;;
4;Centro;6959628;210082;Handroanthus chrysotrichus;Ipê;Árvore;0.55;5.21;Bom;;;
4;Centro;6959660;210051;Handroanthus chrysotrichus;Ipê;Árvore;0.44;5.3;Bom;;;
4;Centro;6959627;209096;Handroanthus chrysotrichus;Ipê;Árvore;0.47;5.41;Bom;;;
4;Centro;6959653;210064;Chamaecyparis obtusa;Cipreste;Árvore;0.41;5.59;Bom;;;
4;Centro;6959638;210058;Handroanthus heptaphyllus;Ipê-roxo;Árvore;0.35;5.6;Bom;;;
4;Centro;6959644;209054;Handroanthus chrysotrichus;Ipê;Árvore;0.38;5.61;Regular;;;
4;Centro;6959652;209105;Handroanthus chrysotrichus;Ipê;Árvore;0.4;5.61;Bom;;;
4;Centro;6959636;209066;Handroanthus heptaphyllus;Ipê-roxo;Árvore;0.46;5.61;Regular;;;
4;Centro;6959643;210074;Handroanthus chrysotrichus;Ipê;Árvore;0.33;5.7;Bom;;;
4;Centro;6959662;209010;Handroanthus heptaphyllus;Ipê-roxo;Árvore;0.65;5.81;Bom;;;
4;Centro;6959688;210117;Handroanthus heptaphyllus;Ipê-roxo;Árvore;0.34;5.86;Bom;;;
4;Centro;6959725;210018;Handroanthus chrysotrichus;Ipê;Árvore;0.42;5.86;Bom;;;
4;Centro;6959746;209108;Handroanthus chrysotrichus;Ipê;Árvore;0.51;5.86;Regular;;;
4;Centro;6959610;210058;Lophantera lactescens;Chuva-de-ouro;Árvore;0.77;5.95;Bom;;;
4;Centro;6959649;210056;Chamaecyparis obtusa;Cipreste;Árvore;0.23;6;Bom;;;
4;Centro;6959755;210054;Handroanthus chrysotrichus;Ipê;Árvore;0.32;6.68;Bom;;;
4;Centro;6959710;209009;Handroanthus chrysotrichus;Ipê;Árvore;0.44;6.68;Bom;;;
4;Centro;6959666;210004;Handroanthus chrysotrichus;Ipê;Árvore;0.52;6.68;Bom;;;
4;Centro;6959731;209138;Handroanthus chrysotrichus;Ipê;Árvore;0.53;6.68;Regular;;;
4;Centro;6959674;209985;Handroanthus chrysotrichus;Ipê;Árvore;0.54;6.68;Bom;;;
4;Centro;6959660;210015;Handroanthus chrysotrichus;Ipê;Árvore;0.55;6.68;Bom;;;
4;Centro;6959644;209100;Handroanthus chrysotrichus;Ipê;Árvore;0.57;6.68;Bom;;;
4;Centro;6959679;209116;Handroanthus chrysotrichus;Ipê;Árvore;0.58;6.68;Bom;;;
4;Centro;6959715;210043;Mangifera indica;Mangueira;Árvore;0.67;6.68;Bom;;;
4;Centro;6959746;210058;Eugenia involucrata;Cerejeira;Árvore;0.2;6.8;Bom;;;
4;Centro;6959682;210078;Senna multijulga;Aleluia/Fedegoso;Árvore;0.23;6.8;Bom;;;
4;Centro;6959755;210072;Brinco-de-ouro;Brinco-de-ouro;Árvore;0.53;6.8;Bom;;;
4;Centro;6959708;210047;Caesalpinia peltophoroides;Sibipiruna;Árvore;0.55;6.8;Bom;;;
4;Centro;6959693;210051;Bauhinia forficata;Pata-de-vaca;Árvore;0.58;6.8;Bom;;;
4;Centro;6959656;210068;Dombeya wallichii;Astrapéia;Árvore;0.63;6.8;Bom;;;
4;Centro;6959712;210080;Handroanthus chrysotrichus;Ipê;Árvore;0.63;6.8;Bom;;;
4;Centro;6959704;210036;Jacaranda mimosifolia;Jacarandá-mimoso;Árvore;0.98;6.8;Bom;;;
4;Centro;6959644;210070;Jacaranda mimosifolia;Jacarandá-mimoso;Árvore;1.19;6.8;Regular;;;
4;Centro;6959706;209129;Handroanthus chrysotrichus;Ipê;Árvore;0.42;6.86;Bom;;;
4;Centro;6959698;210124;Handroanthus heptaphyllus;Ipê-roxo;Árvore;0.56;6.98;Bom;;;
4;Centro;6959734;210080;Handroanthus chrysotrichus;Ipê;Árvore;0.36;7;Bom;;;
4;Centro;6959713;210065;Chamaecyparis obtusa;Cipreste;Árvore;1.37;7.5;Bom;;;
4;Centro;6959660;209110;Handroanthus chrysotrichus;Ipê;Árvore;0.79;7.53;Bom;;;
4;Centro;6959702;210018;Lagerstroemia indica;Resedá;Árvore;1.2;7.65;Bom;;;
4;Centro;6959739;210087;Handroanthus chrysotrichus;Ipê;Árvore;0.28;7.75;Bom;;;
4;Centro;6959692;209120;Handroanthus chrysotrichus;Ipê;Árvore;0.47;8.35;Bom;;;
4;Centro;6959665;210068;Bauhinia forficata;Pata-de-vaca;Árvore;0.49;8.5;Bom;;;
4;Centro;6959743;210094;Cinnamomum camphora;Cânfora;Árvore;0.5;8.5;Bom;;;
4;Centro;6959697;210093;Caesalpinia peltophoroides;Sibipiruna;Árvore;0.9;10;Bom;;;
4;Centro;6959692;210028;Handroanthus heptaphyllus;Ipê-roxo;Árvore;0.71;10.2;Bom;;;
4;Centro;6959679;210100;Jacaranda mimosifolia;Jacarandá-mimoso;Árvore;0.86;10.4;Bom;;;
4;Centro;6959729;210105;Handroanthus chrysotrichus;Ipê;Árvore;0.45;10.5;Bom;;;
4;Centro;6959682;210090;Handroanthus chrysotrichus;Ipê;Árvore;0.56;10.6;Bom;;;
4;Centro;6959728;210021;Jacaranda mimosifolia;Jacarandá-mimoso;Árvore;2.15;11.69;Bom;;;
4;Centro;6959733;210069;Caesalpinia peltophoroides;Sibipiruna;Árvore;0.6;11.9;Bom;;;
4;Centro;6959676;210076;Jacaranda mimosifolia;Jacarandá-mimoso;Árvore;1.46;11.9;Bom;;;
4;Centro;6959717;210035;Ceiba speciosa;Paineira;Árvore;2.1;11.9;Bom;;;
4;Centro;6959753;209052;Peltophorum dubium;Canafístula;Árvore;1.16;12.54;Bom;;;
4;Centro;6959757;209062;Peltophorum dubium;Canafístula;Árvore;1.62;13.36;Bom;;;
4;Centro;6959724;210089;Lagerstroemia indica;Resedá;Árvore;0.66;13.6;Bom;;;
4;Centro;6959732;210061;Caesalpinia peltophoroides;Sibipiruna;Árvore;1.48;13.6;Bom;;;
4;Centro;6959734;210055;Chamaecyparis obtusa;Cipreste;Árvore;1.58;15;Bom;;;
4;Centro;6959697;210112;Peltophorum dubium;Canafístula;Árvore;1.8;15.3;Bom;;;
4;Centro;6959690;210109;Jacaranda mimosifolia;Jacarandá-mimoso;Árvore;1.1;17;Bom;;;
4;Centro;6959705;210097;Peltophorum dubium;Canafístula;Árvore;2;17;Bom;;;
4;Centro;6959746;210056;Araucaria angustifolia ;Araucária;Árvore;1.65;17.3;Bom;;;
5;Centro;6959698;210136;Ficus benjamina;Figueira;Árvore;0.5;2.7;Péssimo;;;
5;Centro;6959650;210234;Ligustrum lucidum ;Legusto;Árvore;0.18;5.1;Bom;;;
5;Centro;6959605;210198;Ligustrum lucidum ;Legusto;Árvore;0.85;5.95;Regular;;;
5;Centro;6959702;210204;Ligustrum lucidum ;Legusto;Árvore;1.26;5.95;Péssimo;;;
5;Centro;6959723;210157;Caesalpinia peltophoroides;Sibipiruna;Árvore;1.26;11.9;Bom;;;
6;Centro;6959665;210255;Eriobotrya japonica;Ameixa;Árvore;0.65;5.1;Bom;;;
6;Centro;6959683;210256;Caesalpinia peltophoroides;Sibipiruna;Árvore;0.66;5.1;Bom;;;
6;Centro;6959667;210259;Inga marginata;Ingá-de-porco;Árvore;0.97;5.1;Bom;;;
6;Centro;6959665;210253;Cinnamomum zeylanicum;Canela-doce;Árvore;1.12;5.1;Regular;;;
6;Centro;6959638;210234;Ligustrum lucidum ;Legusto;Árvore;0.52;5.4;Bom;;;
6;Centro;6959605;210344;Inga marginata;Ingá-de-porco;Árvore;0.23;5.95;Bom;;;
6;Centro;6959538;210330;Lagerstroemia indica;Resedá;Árvore;0.43;5.95;Bom;;;
6;Centro;6959528;210296;Lagerstroemia indica;Resedá ;Árvore;0.6;5.95;Bom;;;
6;Centro;6959640;210233;Ligustrum lucidum ;Legusto;Árvore;0.4;6.2;Regular;;;
6;Centro;6959617;210350;Inga marginata;Ingá-de-porco;Árvore;0.34;6.8;Bom;;;
6;Centro;6959525;210304;Lagerstroemia indica;Resedá ;Árvore;0.43;6.8;Bom;;;
6;Centro;6959530;210300;Lagerstroemia indica;Resedá;Árvore;0.59;6.8;Bom;;;
6;Centro;6959535;210322;Lagerstroemia indica;Resedá ;Árvore;0.61;6.8;Bom;;;
6;Centro;6959644;210235;Ligustrum lucidum ;Legusto;Árvore;1.37;6.8;Péssimo;;;
6;Centro;6959531;210319;Lagerstroemia indica;Resedá;Árvore;0.42;8.5;Bom;;;
7;Centro;6959510;210352;Cinnamomum zeylanicum;Canela-doce;Árvore;0.25;3.44;Bom;;;
7;Centro;6959506;210402;Lagerstroemia indica;Resedá;Árvore;0.32;4.25;Bom;;;
7;Centro;6959613;210349;Ficus benjamina;figueira Benjamina;Árvore;0.24;5.01;Bom;;;
7;Centro;6959513;210390;Handroanthus chrysotrichus;Ipê;Árvore;0.35;5.01;Bom;;;
7;Centro;6959598;210471;Cinnamomum zeylanicum;Canela-doce;Árvore;0.5;5.01;Bom;;;
7;Centro;6959501;210366;Handroanthus chrysotrichus;Ipê;Árvore;0.23;5.1;Bom;;;
7;Centro;6959594;210471;Cinnamomum zeylanicum;Canela-doce;Árvore;0.61;5.1;Bom;;;
7;Centro;6959512;210375;Handroanthus chrysotrichus;Ipê;Árvore;0.38;5.45;Bom;;;
7;Centro;6959507;210361;Cinnamomum zeylanicum;Canela-doce;Árvore;0.23;5.5;Bom;;;
7;Centro;6959592;210459;Cinnamomum zeylanicum;Canela-doce;Árvore;0.93;5.84;Bom;;;
7;Centro;6959548;210329;Ligustrum lucidum ;Legusto;Árvore;0.41;6.68;Regular;;;
7;Centro;6959593;210458;Cinnamomum zeylanicum;Canela-doce;Árvore;0.96;6.8;Bom;;;
7;Centro;6959599;210348;Ficus benjamina;Figueira;Árvore;0.6;8.35;Bom;;;
7;Centro;6959601;210347;Mangifera indica;Mangueira;Árvore;0.63;8.35;Bom;;;
7;Centro;6959612;210352;Ligustrum lucidum ;Legusto;Árvore;1.3;8.35;Regular;;;
7;Centro;6959532;210320;Ligustrum lucidum ;Legusto;Árvore;1.8;8.35;Regular;;;
7;Centro;6959533;210321;Ligustrum lucidum ;Legusto;Árvore;1.43;9.4;Bom;;;
7;Centro;6959539;210331;Ligustrum lucidum ;Legusto;Árvore;1.91;10.18;Regular;;;
8;Centro;6959577;210503;Lagerstroemia indica;Resedá ;Árvore;0.38;3.4;Bom;;;
8;Centro;6959506;210486;Lagerstroemia indica;Resedá ;Árvore;0.18;3.8;Bom;;;
8;Centro;6959531;210470;Lagerstroemia indica;Resedá ;Árvore;0.35;3.8;Bom;;;
8;Centro;6959537;210546;Ligustrum lucidum ;Legusto;Árvore;1.46;5.01;Péssimo;;;
8;Centro;6959520;210467;Inga sessilis;Ingá-ferradura;Árvore;0.26;5.1;Bom;;;
8;Centro;6959548;210479;Lagerstroemia indica;Resedá ;Árvore;0.41;5.1;Bom;;;
8;Centro;6959517;210467;Inga sessilis;Ingá-ferradura;Árvore;0.42;5.1;Bom;;;
8;Centro;6959542;210477;Inga marginata;Ingá-de-porco;Árvore;0.45;5.1;Bom;;;
8;Centro;6959522;210545;Lagerstroemia indica;Resedá;Árvore;0.67;5.1;Bom;;;
8;Centro;6959517;210533;Lagerstroemia indica;Resedá;Árvore;0.67;5.1;Bom;;;
8;Centro;6959514;210510;Lagerstroemia indica;Resedá;Árvore;0.85;5.1;Bom;;;
8;Centro;6959560;210526;Lagerstroemia indica;Resedá;Árvore;0.87;5.1;Bom;;;
8;Centro;6959565;210503;Lagerstroemia indica;Resedá ;Árvore;1;5.1;Bom;;;
8;Centro;6959537;210545;Ligustrum lucidum ;Legusto;Árvore;1.18;5.1;Péssimo;;;
8;Centro;6959561;210525;Handroanthus chrysotrichus;Ipê;Árvore;0.44;5.3;Bom;;;
8;Centro;6959517;210527;Lagerstroemia indica;Resedá ;Árvore;0.39;6.8;Bom;;;
8;Centro;6959553;210484;Handroanthus chrysotrichus;Ipê;Árvore;0.55;6.8;Bom;;;
8;Centro;6959553;210547;Handroanthus chrysotrichus;Ipê;Árvore;0.57;6.8;Péssimo;;;
8;Centro;6959519;210521;Lagerstroemia indica;Resedá;Árvore;0.66;6.8;Bom;;;
8;Centro;6959524;210557;Lagerstroemia indica;Resedá ;Árvore;0.7;6.8;Bom;;;
8;Centro;6959562;210523;Lagerstroemia indica;Resedá;Árvore;1.55;6.8;Bom;;;
8;Centro;6959525;210541;Handroanthus chrysotrichus;Ipê;Árvore;0.67;8.35;Regular;;;
8;Centro;6959566;210483;Handroanthus chrysotrichus;Ipê;Árvore;0.5;8.5;Bom;;;
8;Centro;6959524;210565;Handroanthus heptaphyllus;Ipê-roxo;Árvore;0.96;8.5;Bom;;;
8;Centro;6959516;210516;Lagerstroemia indica;Resedá ;Árvore;0.8;9.2;Bom;;;
8;Centro;6959558;210484;Handroanthus chrysotrichus;Ipê;Árvore;0.48;9.8;Bom;;;
8;Centro;6959631;210541;Ligustrum lucidum ;Legusto;Árvore;1.59;10.02;Regular;;;
8;Centro;6959511;210503;Mangifera indica;Mangueira;Árvore;1.41;10.15;Bom;;;
8;Centro;6959527;210540;Ligustrum lucidum ;Legusto;Árvore;1.6;10.2;Regular;;;
8;Centro;6959566;210497;Handroanthus heptaphyllus;Ipê-roxo;Árvore;1.81;10.2;Bom;;;
8;Centro;6959574;210495;Handroanthus heptaphyllus;Ipê-roxo;Árvore;1.89;10.2;Bom;;;
8;Centro;6959510;210495;Peltophorum dubium;Canafístula;Árvore;0.72;11.2;Bom;;;
8;Centro;6959526;210544;Handroanthus chrysotrichus;Ipê;Árvore;0.79;11.69;Bom;;;
9;Centro;6959442;210531;Inga marginata;Ingá-de-porco;Árvore;0.48;2.5;Bom;;;
9;Centro;6959454;210502;Inga sessilis;Ingá-ferradura;Árvore;0.15;3.4;Bom;;;
9;Centro;6959461;210541;Inga sessilis;Ingá-ferradura;Árvore;0.19;3.4;Bom;;;
9;Centro;6959448;210511;Inga sessilis;Ingá-ferradura;Árvore;0.29;4.17;Bom;;;
9;Centro;6959494;210462;Handroanthus chrysotrichus;Ipê;Árvore;0.65;5.01;Bom;;;
9;Centro;6959511;210531;Inga marginata;Ingá-de-porco;Árvore;0.35;5.1;Bom;;;
9;Centro;6959454;210539;Ligustrum lucidum ;Legusto;Árvore;0.94;5.1;Regular;;;
9;Centro;6959462;210481;Ligustrum lucidum ;Legusto;Árvore;1.04;5.1;Bom;;;
9;Centro;6959497;210555;Ligustrum lucidum ;Legusto;Árvore;1.12;5.1;Regular;;;
9;Centro;6959470;210545;Ligustrum lucidum ;Legusto;Árvore;1.25;5.71;Regular;;;
9;Centro;6959474;210546;Ligustrum lucidum ;Legusto;Árvore;1.64;5.71;Regular;;;
9;Centro;6959450;210537;Ligustrum lucidum ;Legusto;Árvore;1.43;5.95;Regular;;;
9;Centro;6959510;210534;Handroanthus chrysotrichus;Ipê;Árvore;0.73;6.68;Bom;;;
9;Centro;6959511;210540;Handroanthus heptaphyllus;Ipê-roxo;Árvore;1.37;6.68;Bom;;;
9;Centro;6959511;210546;Handroanthus chrysotrichus;Ipê;Árvore;0.76;6.8;Regular;;;
9;Centro;6959464;210541;Ligustrum lucidum ;Legusto;Árvore;0.89;6.8;Regular;;;
9;Centro;6959460;210492;Leucaena leucocephala;Leucena;Árvore;1.13;6.8;Regular;;;
9;Centro;6959463;210472;Ligustrum lucidum ;Legusto;Árvore;1.34;6.8;Regular;;;
9;Centro;6959488;210551;Ligustrum lucidum ;Legusto;Árvore;1.23;8.35;Regular;;;
9;Centro;6959496;210555;Ligustrum lucidum ;Legusto;Árvore;1.54;8.35;Regular;;;
9;Centro;6959476;210549;Ligustrum lucidum ;Legusto;Árvore;1.04;8.42;Regular;;;
9;Centro;6959458;210538;Jacaranda mimosifolia;Jacarandá-mimoso;Árvore;0.72;8.5;Regular;;;
9;Centro;6959509;210521;Chamaecyparis obtusa;Cipreste;Árvore;2.43;15.03;Bom;;;
10;Centro;6959419;210666;Lagerstroemia indica;Resedá ;Árvore;0.39;2.5;Bom;;;
10;Centro;6959460;210555;Lagerstroemia indica;Resedá ;Árvore;0.14;3.4;Bom;;;
10;Centro;6959456;210563;Lagerstroemia indica;Resedá;Árvore;0.27;3.4;Bom;;;
10;Centro;6959414;210663;Lagerstroemia indica;Resedá;Árvore;0.36;3.4;Bom;;;
10;Centro;6959513;210648;Eugenia uniflora;Pitangueira;Árvore;0.21;5.01;Bom;;;
10;Centro;6959454;210551;Myrcianthes pungens;Guabiju;Árvore;0.22;5.01;Bom;;;
10;Centro;6959447;210544;Lagerstroemia indica;Resedá;Árvore;0.31;5.1;Bom;;;
10;Centro;6959525;210597;Psidium cattleianum;Araçá-vermelho;Árvore;0.42;5.95;Bom;;;
10;Centro;6959518;210593;Psidium cattleianum;Araça-vermelho;Árvore;0.49;5.95;Bom;;;
11;Centro;6959466;210558;Jacaranda mimosifolia;Jacarandá-mimoso;Árvore;0.17;5.95;Bom;;;
11;Centro;6959412;210687;Bauhinia forficata;Pata-de-Vaca;Árvore;0.56;5.95;Bom;;;
11;Centro;6959411;210695;Bauhinia forficata;Pata-de-Vaca;Árvore;0.62;5.95;Bom;;;
12;Centro;6960082;209807;Acacia podalyriifolia;Acácia;Árvore;0.22;3.34;Bom;;;
12;Centro;6960064;209875;Terminalia catappa;Chapéu de Praia;Árvore;0.23;3.64;Bom;;;
12;Centro;6960081;209790;Acacia podalyriifolia;Acácia;Árvore;0.22;3.95;Bom;;;
12;Centro;6960083;209799;Acacia podalyriifolia;Acácia;Árvore;0.23;5.01;Bom;;;
12;Centro;6959965;209901;Senna occidentalis ;Mandaiana;Árvore;0.65;5.3;Bom;;;
12;Centro;6969072;209847;Handroanthus chrysotrichus;Ipê;Árvore;0.51;5.31;Regular;;;
12;Centro;6959945;209878;Ligustrum lucidum ;Legusto;Árvore;0.84;5.85;Péssimo;;;
12;Centro;6959944;209874;Ligustrum lucidum ;Legusto;Árvore;1.22;6.6;Regular;;;
12;Centro;6960013;209748;Ligustrum lucidum ;Legusto;Árvore;1.4;8.35;Regular;;;
13;Centro;6959958;209979;Handroanthus chrysotrichus;Ipê;Árvore;0.26;5.01;Regular;;;
13;Centro;6959959;209977;Psidium guajava;Goiabeira;Árvore;0.71;5.01;Bom;;;
13;Centro;6959948;209903;Cinnamomum zeylanicum;Canela-doce;Árvore;0.87;5.01;Bom;;;
13;Centro;6959959;209973;Mangifera indica;Mangueira;Árvore;0.85;6.68;Bom;;;
13;Centro;6959963;209920;Cinnamomum zeylanicum;Canela-doce;Árvore;0.96;8.35;Bom;;;
13;Centro;6959906;209973;Ligustrum lucidum ;Legusto;Árvore;1.38;8.5;Péssimo;;;
13;Centro;6959968;209927;Caesalpinia peltophoroides;Sibipiruna;Árvore;0.76;8.75;Bom;;;
13;Centro;6959915;209977;Ligustrum lucidum ;Legusto;Árvore;1.45;9.18;Regular;;;
13;Centro;6959953;209986;Caesalpinia peltophoroides;Sibipiruna;Árvore;1.17;11.69;Bom;;;
13;Centro;6959949;209995;Caesalpinia peltophoroides;Sibipiruna;Árvore;1.11;12.52;Bom;;;
13;Centro;6959944;209997;Caesalpinia peltophoroides;Sibipiruna;Árvore;1.5;12.52;Bom;;;
14;Centro;6959803;210019;Senna multijulga;Aleluia/Fedegoso;Árvore;0.12;4.17;Bom;;;
14;Centro;6959886;209976;Ligustrum lucidum ;Legusto;Árvore;0.3;5.01;Regular;;;
14;Centro;6959818;209999;Citrus sinensis;Laranjeira;Árvore;0.35;5.01;Bom;;;
14;Centro;6959822;209993;Melia azedarach;Cinamomo;Árvore;0.35;5.01;Bom;;;
14;Centro;6959821;299992;Jacaranda mimosifolia;Jacarandá-mimoso;Árvore;0.26;5.1;Bom;;;
14;Centro;6959818;209998;Jacaranda macrantha;Caroba;Árvore;0.46;5.1;Bom;;;
14;Centro;6959817;210037;Ligustrum lucidum ;Legusto;Árvore;0.82;5.1;Bom;;;
14;Centro;6959806;210013;Handroanthus chrysotrichus;Ipê;Árvore;0.37;5.84;Bom;;;
14;Centro;6959904;209987;Ficus auriculata;Figueira-chilena;Árvore;0.96;5.84;Bom;;;
14;Centro;6959803;210024;Mangifera indica;Mangueira;Árvore;0.8;5.95;Bom;;;
14;Centro;6959861;209958;Pyrus communis;Pera;Árvore;1;6.52;Regular;;;
14;Centro;6959824;210038;Ligustrum lucidum ;Legusto;Árvore;0.67;6.8;Regular;;;
14;Centro;6959823;210042;Ligustrum lucidum ;Legusto;Árvore;1.12;6.8;Regular;;;
14;Centro;6959894;209981;Caesalpinia peltophoroides;Sibipiruna;Árvore;0.66;7.51;Regular;;;
14;Centro;6959921;210057;Caesalpinia peltophoroides;Sibipiruna;Árvore;0.73;7.51;Bom;;;
14;Centro;6959877;209968;Jacaranda macrantha;Caroba;Árvore;0.83;7.65;Bom;;;
14;Centro;6959819;209999;Jacaranda macrantha;Caroba;Árvore;0.55;8.31;Bom;;;
14;Centro;6959888;210067;Mangifera indica;Mangueira;Árvore;1;8.35;Bom;;;
14;Centro;6959890;209979;Mangifera indica;Mangueira;Árvore;3.3;10.2;Bom;;;
14;Centro;6959837;210042;Ficus benjamina;Figueira;Árvore;2.24;11.9;Bom;;;
15;Centro;6959834;210053;Ficus benjamina;Figueira;Árvore;0.15;4.17;Bom;;;
15;Centro;6959808;210170;Lagerstroemia indica;Resedá;Árvore;0.56;5.01;Bom;;;
15;Centro;6959801;210169;Lagerstroemia indica;Resedá;Árvore;0.73;5.01;Bom;;;
15;Centro;6959786;210161;Pyrus communis;Pera;Árvore;0.9;5.01;Regular;;;
15;Centro;6959805;210169;Handroanthus heptaphyllus;Ipê-roxo;Árvore;0.7;5.86;Bom;;;
15;Centro;6959816;210176;Inga marginata;Ingá-de-porco;Árvore;0.55;6.68;Bom;;;
15;Centro;6959813;210173;Lagerstroemia indica;Resedá;Árvore;0.6;6.68;Bom;;;
15;Centro;6959804;210039;Lagerstroemia indica;Resedá;Árvore;0.68;8.35;Bom;;;
15;Centro;6959838;210183;Mangifera indica;Mangueira;Árvore;0.87;8.35;Bom;;;
16;Centro;6959737;210173;Chamaecyparis obtusa;Cipreste;Árvore;0.5;6.68;Bom;;;
16;Centro;6959750;210159;Chamaecyparis obtusa;Cipreste;Árvore;0.37;7.51;Bom;;;
16;Centro;6959772;210161;Chamaecyparis obtusa;Cipreste;Árvore;0.51;7.51;Bom;;;
16;Centro;6959838;210210;Ligustrum lucidum ;Legusto;Árvore;1.2;8.5;Regular;;;
17;Centro;6959692;210341;Pyrus communis;Pera;Árvore;0.9;5.3;Bom;;;
17;Centro;6959771;210347;Lagerstroemia indica;Reseda;Árvore;0.37;5.84;Bom;;;
17;Centro;6959682;210341;Pyrus communis;Pera;Árvore;0.72;7.08;Bom;;;
17;Centro;6959782;210308;Myrcianthes pungens;Guabiju;Árvore;0.36;7.51;Bom;;;
17;Centro;6959756;210297;Eugenia uniflora;Pitangueira;Árvore;0.38;7.51;Bom;;;
17;Centro;6959749;210294;Pyrus communis;Pera;Árvore;0.88;7.51;Regular;;;
17;Centro;6959794;210315;Ligustrum lucidum ;Legusto;Árvore;0.98;8.35;Regular;;;
17;Centro;6959797;210340;Ligustrum lucidum ;Legusto;Árvore;1.23;8.35;Regular;;;
17;Centro;6959804;210324;Ligustrum lucidum ;Legusto;Árvore;1.38;8.35;Bom;;;
17;Centro;6959770;210286;Chamaecyparis obtusa;Cipreste;Árvore;1.28;8.5;Bom;;;
17;Centro;6959711;210269;Mangifera indica;Mangueira;Árvore;1.48;11.69;Bom;;;
18;Centro;6959664;210382;Ficus benjamina;Figueira;Árvore;0.16;5.1;Bom;;;
18;Centro;6959675;210388;Ficus benjamina;Figueira;Árvore;0.35;9.18;Bom;;;
18;Centro;6959768;210357;Jacaranda mimosifolia;Jacarandá-Mimoso;Árvore;2.45;12.43;Bom;;;
19;Centro;6959695;210412;Cinnamomum zeylanicum;Canela-doce;Árvore;0.5;2.77;Regular;;;
19;Centro;6959681;210407;Cinnamomum zeylanicum;Canela-doce;Árvore;0.52;3.34;Regular;;;
19;Centro;6959686;210411;Cinnamomum zeylanicum;Canela-doce;Árvore;0.41;3.64;Bom;;;
19;Centro;6959736;210455;Senna occidentalis ;Mandaiana;Árvore;0.33;5.01;Regular;;;
19;Centro;6959655;210382;Handroanthus chrysotrichus;Ipê;Árvore;0.35;5.01;Bom;;;
19;Centro;6959748;210496;Lagerstroemia indica;Resedá;Árvore;0.58;5.01;Bom;;;
19;Centro;6959601;210482;Ficus benjamina;Figueira;Árvore;0.39;5.1;Bom;;;
19;Centro;6959729;210453;Lagerstroemia indica;Resedá;Árvore;0.52;5.1;Bom;;;
19;Centro;6959667;210387;Ficus benjamina;figueira Benjamina;Árvore;0.59;5.31;Bom;;;
19;Centro;6959746;210471;Lagerstroemia indica;Resedá;Árvore;0.6;5.84;Bom;;;
19;Centro;6959610;210474;sp15;não identificada;Árvore;0.36;5.93;Bom;;;
19;Centro;6959617;210497;Ficus benjamina;Figueira;Árvore;0.38;5.93;Bom;;;
19;Centro;6959735;210451;Lagerstroemia indica;Resedá;Árvore;0.55;6.68;Bom;;;
19;Centro;6959661;210370;Ficus benjamina;Figueira;Árvore;0.67;7.5;Bom;;;
19;Centro;6959707;210427;Handroanthus chrysotrichus;Ipê;Árvore;0.43;7.51;Bom;;;
19;Centro;6959706;210421;Handroanthus chrysotrichus;Ipê;Árvore;0.46;7.51;Bom;;;
19;Centro;6959651;210378;Ficus benjamina;figueira Benjamina;Árvore;1.25;8.35;Bom;;;
20;Centro;6959607;210639;Cinnamomum zeylanicum;Canela-doce;Árvore;0.3;3.34;Bom;;;
20;Centro;6959587;210521;Cinnamomum zeylanicum;Canela-doce;Árvore;0.9;5.01;Bom;;;
20;Centro;6959606;210638;Handroanthus heptaphyllus;Ipê-roxo;Árvore;0.66;5.1;Regular;;;
20;Centro;6959593;210629;Handroanthus heptaphyllus;Ipê-roxo;Árvore;0.35;5.93;Bom;;;
20;Centro;6959637;210652;Caesalpinia peltophoroides;Sibipiruna;Árvore;0.6;7.06;Regular;;;
20;Centro;6959645;210652;Caesalpinia peltophoroides;Sibipiruna;Árvore;0.88;7.5;Bom;;;
20;Centro;6959625;210651;Caesalpinia peltophoroides;Sibipiruna;Árvore;0.79;7.6;Bom;;;
20;Centro;6959606;210635;Handroanthus heptaphyllus;Ipê-roxo;Árvore;1.27;7.63;Bom;;;
20;Centro;6959639;210653;Caesalpinia peltophoroides;Sibipiruna;Árvore;0.52;8.5;Bom;;;
20;Centro;6959631;210650;Caesalpinia peltophoroides;Sibipiruna;Árvore;0.43;9.33;Bom;;;
20;Centro;6959587;210518;Ficus benjamina;figueira Benjamina;Árvore;0.61;9.33;Bom;;;
20;Centro;6959614;210642;Handroanthus heptaphyllus;Ipê-roxo;Árvore;0.57;10.02;Regular;;;
20;Centro;6959618;210645;Caesalpinia peltophoroides;Sibipiruna;Árvore;0.5;10.2;Bom;;;
20;Centro;6959633;210516;Caesalpinia peltophoroides;Sibipiruna;Árvore;1.4;11.3;Bom;;;
20;Centro;6959639;210516;Caesalpinia peltophoroides;Sibipiruna;Árvore;1.42;11.3;Bom;;;
20;Centro;6959652;210656;Caesalpinia peltophoroides;Sibipiruna;Árvore;0.61;11.9;Bom;;;
21;Centro;6959634;210656;Mangifera indica;Mangueira;Árvore;0.72;4.25;Bom;;;
21;Centro;6959645;210660;Mangifera indica;Mangueira;Árvore;0.72;6.68;Bom;;;
21;Centro;6959612;210646;Bauhinia forficata;Pata-de-Vaca;Árvore;1.3;7.65;Bom;;;
22;Centro;6959616;210778;Cinnamomum zeylanicum;Canela-doce;Árvore;0.26;3.4;Bom;;;
22;Centro;6959608;210771;Cinnamomum zeylanicum;Canela-doce;Árvore;0.3;3.4;Bom;;;
22;Centro;6959590;210818;Ficus benjamina;figueira Benjamina;Árvore;0.74;3.4;Bom;;;
22;Centro;6959593;210811;Ficus benjamina;figueira Benjamina;Árvore;0.68;4.22;Bom;;;
22;Centro;6959496;210722;Inga marginata;Ingá-de-porco;Árvore;0.5;5.1;Bom;;;
22;Centro;6959596;210799;Cinnamomum zeylanicum;Canela-doce;Árvore;0.55;5.1;Bom;;;
22;Centro;6959521;210721;Inga marginata;Ingá-de-porco;Árvore;0.66;5.1;Bom;;;
22;Centro;6959506;210720;Inga marginata;Ingá-de-porco;Árvore;0.75;5.1;Bom;;;
22;Centro;6959615;210755;Cinnamomum camphora;Cânfora;Árvore;0.55;5.95;Bom;;;
22;Centro;6959573;210744;Cinnamomum camphora;Cânfora;Árvore;0.4;6.8;Bom;;;
22;Centro;6959605;210786;Cinnamomum camphora;Cânfora;Árvore;0.44;6.8;Bom;;;
22;Centro;6959577;210747;Cinnamomum zeylanicum;Canela-doce;Árvore;0.51;6.8;Bom;;;
22;Centro;6959576;210744;Cinnamomum camphora;Cânfora;Árvore;0.78;6.8;Bom;;;
22;Centro;6959591;210824;Ficus benjamina;figueira Benjamina;Árvore;0.92;7.65;Regular;;;
22;Centro;6959591;210825;Ficus benjamina;figueira Benjamina;Árvore;0.24;8.5;Bom;;;
22;Centro;6959551;210737;Inga marginata;Ingá-de-porco;Árvore;0.64;8.5;Bom;;;
22;Centro;6959543;210732;Inga marginata;Ingá-de-porco;Árvore;0.92;8.5;Bom;;;
23;Centro;6959956;209894;Eugenia uniflora;Pitangueira;Árvore;0.2;3.4;Bom;;;
23;Centro;6959964;209784;Handroanthus heptaphyllus;Ipê-roxo;Árvore;0.27;3.4;Bom;;;
23;Centro;6959858;209914;Lagerstroemia indica;Resedá;Árvore;0.33;5.95;Bom;;;
23;Centro;6959994;209753;Handroanthus chrysotrichus;Ipê;Árvore;0.65;6.8;Bom;;;
23;Centro;6959948;209796;Mangifera indica;Mangueira;Árvore;0.78;6.8;Bom;;;
23;Centro;6959888;209883;Mangifera indica;Mangueira;Árvore;0.89;6.8;Bom;;;
23;Centro;6959926;209823;Mangifera indica;Mangueira;Árvore;1.23;6.8;Bom;;;
23;Centro;6959958;209793;Handroanthus chrysotrichus;Ipê;Árvore;1.6;6.8;Bom;;;
23;Centro;6959943;209807;Mangifera indica;Mangueira;Árvore;0.96;8.5;Bom;;;
23;Centro;6959854;209921;Handroanthus heptaphyllus;Ipê-roxo;Árvore;1.3;8.5;Bom;;;
23;Centro;6959929;209820;Perna de moça;Perna de moça;Árvore;1.1;8.67;Bom;;;
23;Centro;6959882;209880;Perna de moça;Perna de moça;Árvore;1.18;10.2;Bom;;;
23;Centro;6959885;209876;Caesalpinia peltophoroides;Sibipiruna;Árvore;1.6;10.2;Bom;;;
23;Centro;6959934;209815;Ficus benjamina;figueira Benjamina;Árvore;1.3;11.05;Bom;;;
23;Centro;6960014;209729;Handroanthus heptaphyllus;Ipê-roxo;Árvore;1.87;11.05;Bom;;;
23;Centro;6959879;209880;Araucaria columnaris;Pinheiro-de-natal;Árvore;0.68;11.9;Bom;;;
23;Centro;6959990;209757;Handroanthus heptaphyllus;Ipê-roxo;Árvore;1.35;11.9;Bom;;;
24;Centro;6959816;209988;Delonix regia;Flamboriant;Árvore;0.29;3.4;Bom;;;
24;Centro;6959801;210009;Delonix regia;Flamboriant;Árvore;0.27;4.25;Bom;;;
24;Centro;6959810;209993;Handroanthus chrysotrichus;Ipê;Árvore;0.46;5.1;Bom;;;
24;Centro;6959833;210995;Handroanthus heptaphyllus;Ipê-roxo;Árvore;0.54;5.1;Bom;;;
24;Centro;6959810;209995;Handroanthus chrysotrichus;Ipê;Árvore;0.47;8.5;Bom;;;
24;Centro;6959817;209982;Handroanthus chrysotrichus;Ipê;Árvore;0.65;8.5;Bom;;;
24;Centro;6959821;209970;Handroanthus heptaphyllus;Ipê-roxo;Árvore;1.96;9.35;Regular;;;
25;Centro;6959747;210115;Psidium cattleianum;Araçá-vermelho;Árvore;0.44;3.4;Bom;;;
25;Centro;6959773;210056;Handroanthus chrysotrichus;Ipê;Árvore;0.3;4.25;Bom;;;
25;Centro;6959744;210123;Lagerstroemia indica;Resedá;Árvore;0.42;4.25;Bom;;;
25;Centro;6959780;210045;Handroanthus chrysotrichus;Ipê;Árvore;0.43;5.1;Bom;;;
25;Centro;6959766;210066;Mangifera indica;Mangueira;Árvore;0.78;8.5;Bom;;;
25;Centro;6959765;210076;Mangifera indica;Mangueira;Árvore;1.36;8.5;Bom;;;
25;Centro;6959743;210135;Leucaena leucocephala;Leucena;Árvore;0.83;9.35;Bom;;;
25;Centro;6959777;210047;Araucaria columnaris;Pinheiro-de-natal;Árvore;1.38;10.2;Bom;;;
25;Centro;6959770;210058;Araucaria columnaris;Pinheiro-de-natal;Árvore;1.4;10.2;Bom;;;
25;Centro;6959757;210089;Araucaria columnaris;Pinheiro-de-natal;Árvore;1.44;10.2;Bom;;;
25;Centro;6959770;210062;Araucaria columnaris;Pinheiro-de-natal;Árvore;1.55;12.32;Bom;;;
26;Centro;6959723;210179;Handroanthus chrysotrichus;Ipê;Árvore;0.52;6.8;Bom;;;
26;Centro;6959700;210223;Handroanthus chrysotrichus;Ipê;Árvore;0.6;6.8;Bom;;;
26;Centro;6959717;210197;Eugenia pyriformis;Uvaia;Árvore;0.54;7.65;Bom;;;
26;Centro;6959702;210221;Chamaecyparis obtusa;Cipreste;Árvore;1.17;8.5;Bom;;;
26;Centro;6959719;210179;Chamaecyparis obtusa;Cipreste;Árvore;1.57;9.35;Bom;;;
26;Centro;6959726;210158;Handroanthus chrysotrichus;Ipê;Árvore;0.88;10.2;Bom;;;
26;Centro;6959696;210241;Handroanthus heptaphyllus;Ipê-roxo;Árvore;1.27;10.2;Bom;;;
27;Centro;6959657;210329;Handroanthus heptaphyllus;Ipê-roxo;Árvore;0.46;6.8;Bom;;;
27;Centro;6959671;210301;Handroanthus chrysotrichus;Ipê;Árvore;0.93;6.8;Bom;;;
27;Centro;6959663;210320;Lagerstroemia indica;Resedá;Árvore;0.83;8.5;Bom;;;
27;Centro;6959696;210270;Handroanthus heptaphyllus;Ipê-roxo;Árvore;2.04;11.05;Bom;;;
27;Centro;6959671;210293;Handroanthus heptaphyllus;Ipê-roxo;Árvore;1.18;11.5;Bom;;;
27;Centro;6959658;210335;Handroanthus heptaphyllus;Ipê-roxo;Árvore;1.84;11.9;Bom;;;
28;Centro;6959620;210414;Handroanthus chrysotrichus;Ipê;Árvore;0.43;5.95;Bom;;;
28;Centro;6959627;210388;Handroanthus chrysotrichus;Ipê;Árvore;0.69;6.8;Bom;;;
28;Centro;6959614;210422;Handroanthus chrysotrichus;Ipê;Árvore;0.78;6.8;Bom;;;
28;Centro;6959605;210453;Handroanthus chrysotrichus;Ipê;Árvore;0.8;6.8;Bom;;;
28;Centro;6959603;210447;Handroanthus chrysotrichus;Ipê;Árvore;0.87;6.8;Bom;;;
28;Centro;6959597;210476;Handroanthus heptaphyllus;Ipê-roxo;Árvore;1.37;7.65;Bom;;;
28;Centro;6959626;210392;Jacaranda mimosifolia;Jacarandá-mimoso;Árvore;1.57;11.5;Bom;;;
28;Centro;6959627;210398;Jacaranda mimosifolia;Jacarandá-mimoso;Árvore;1.8;11.9;Bom;;;
29;Centro;6959584;210510;Handroanthus chrysotrichus;Ipê;Árvore;0.73;6.8;Bom;;;
30;Centro;6959510;210673;Eugenia uniflora;Pitangueira;Árvore;0.93;6.8;Bom;;;
30;Centro;6959515;210661;Handroanthus heptaphyllus;Ipê-roxo;Árvore;1.1;10.2;Bom;;;
30;Centro;6959518;210651;Grevilla sp;Grevilla;Árvore;1.73;11.9;Bom;;;
30;Centro;6959502;210687;Jacaranda mimosifolia;Jacarandá-mimoso;Árvore;1.95;11.9;Bom;;;
31;Centro;6959488;210717;Peltophorum dubium;Canafístula;Árvore;1.6;11.9;Bom;;;
33;Centro;6959683;209966;Schinus molle;Aroeira Periquita;Árvore;0.56;5.1;Bom;;;
33;Centro;6959819;209807;Ligustrum lucidum ;Legusto;Árvore;1.17;5.1;Bom;;;
33;Centro;6959918;209810;Ligustrum lucidum ;Legusto;Árvore;0.9;5.95;Bom;;;
33;Centro;6959687;209957;Schinus molle;Aroeira Periquita;Árvore;0.58;6.8;Bom;;;
33;Centro;6959693;209951;Schinus molle;Aroeira Periquita;Árvore;0.61;6.8;Bom;;;
33;Centro;6959706;209948;Schinus molle;Aroeira Periquita;Árvore;0.62;6.8;Bom;;;
33;Centro;6959719;209940;Caesalpinia peltophoroides;Sibipiruna;Árvore;0.55;8.5;Bom;;;
33;Centro;6959740;209928;Caesalpinia peltophoroides;Sibipiruna;Árvore;0.72;9.35;Bom;;;
34;Centro;6959650;209972;Schinus molle;Aroeira-periquita;Árvore;0.53;5.95;Bom;;;
34;Centro;6959680;209953;Schinus molle;Aroeira-periquita;Árvore;0.62;6.8;Bom;;;
34;Centro;6959692;209951;Schinus molle;Aroeira Periquita;Árvore;0.72;6.8;Bom;;;
34;Centro;6959724;209937;Caesalpinia peltophoroides;Sibipiruna;Árvore;0.82;6.8;Bom;;;
34;Centro;6959713;209943;Caesalpinia peltophoroides;Sibipiruna;Árvore;0.88;10.2;Bom;;;
35;Centro;6959616;210059;Ligustrum lucidum ;Legusto;Árvore;1.05;5.01;Bom;;;
35;Centro;6959622;210051;Ligustrum lucidum ;Legusto;Árvore;1.05;5.1;Bom;;;
35;Centro;6959654;209977;Schinus molle;Aroeira Periquita;Árvore;0.55;5.95;Bom;;;
35;Centro;6959621;210056;Ligustrum lucidum ;Legusto;Árvore;1.1;6.8;Bom;;;
35;Centro;6959920;210064;Ligustrum lucidum ;Legusto;Árvore;1;8.5;Péssimo;;;
36;Centro;6959540;210228;Cinnamomum zeylanicum;Canela-doce;Árvore;0.25;0.85;Bom;;;
36;Centro;6959544;210221;Cinnamomum zeylanicum;Canela-doce;Árvore;0.2;2.5;Bom;;;
37;Centro;6959496;210328;Lagerstroemia indica;Resedá;Árvore;0.32;2.55;Bom;;;
37;Centro;6959493;210335;Lagerstroemia indica;Resedá;Árvore;0.27;4.25;Bom;;;
37;Centro;6959503;210316;Lagerstroemia indica;Resedá;Árvore;0.61;7.65;Bom;;;
37;Centro;6959490;210339;Caesalpinia peltophoroides;Sibipiruna;Árvore;1.36;9.35;Bom;;;
37;Centro;6959499;210318;Lagerstroemia indica;Resedá;Árvore;0.43;10.2;Bom;;;
37;Centro;6959489;210347;Caesalpinia peltophoroides;Sibipiruna;Árvore;0.69;10.2;Bom;;;
37;Centro;6959490;210352;Caesalpinia peltophoroides;Sibipiruna;Árvore;1.23;10.2;Bom;;;
37;Centro;6959490;210350;Caesalpinia peltophoroides;Sibipiruna;Árvore;1.23;11.9;Bom;;;
38;Centro;6959426;210529;Chamaecyparis obtusa;Cipreste;Árvore;0.22;4.25;Bom;;;
38;Centro;6959426;210529;Sp36;não identificada;Árvore;0.22;4.25;Bom;;;
38;Centro;6959426;210529;sp37;Não Identificada;Árvore;0.22;4.25;Bom;;;
38;Centro;6959408;210555;Ligustrum lucidum ;Legusto;Árvore;1.2;8.5;Regular;;;
40;Centro;6959402;210800;Ficus benjamina;figueira Benjamina;Árvore;0.38;3.4;Bom;;;
40;Centro;6959394;210651;Cinnamomum zeylanicum;Canela-doce;Árvore;0.36;3.95;Bom;;;
40;Centro;6959395;210660;Cinnamomum zeylanicum;Canela-doce;Árvore;1.35;6.8;Bom;;;
41;Centro;6959961;210006;Cinnamomum zeylanicum;Canela-doce;Árvore;0.43;3.95;Bom;;;
41;Centro;6959953;210034;Chamaecyparis obtusa;Cipreste;Árvore;0.45;5.1;Bom;;;
41;Centro;6959952;210027;Ligustrum lucidum ;Legusto;Árvore;1.37;5.95;Regular;;;
41;Centro;6959959;210009;Ligustrum lucidum ;Legusto;Árvore;1.66;6.8;Regular;;;
41;Centro;6959971;209968;Melia azedarach;Cinamomo;Árvore;0.56;8.75;Bom;;;
41;Centro;6959913;210100;Ligustrum lucidum ;Legusto;Árvore;1.65;9.75;Bom;;;
42;Centro;6959903;210131;Ligustrum lucidum ;Legusto;Árvore;1.27;3.95;Regular;;;
42;Centro;6959887;210162;Ligustrum lucidum ;Legusto;Árvore;1.34;3.95;Regular;;;
42;Centro;6959318;209307;Eugenia uniflora;Pitangueira;Árvore;0.49;5.1;Bom;;;
42;Centro;6959883;210178;Lophantera lactescens;Chuva-de-ouro;Árvore;0.5;5.1;Bom;;;
42;Centro;6959885;210176;Ligustrum lucidum ;Legusto;Árvore;1.51;5.1;Bom;;;
42;Centro;6959880;210187;Lophantera lactescens;Chuva de Ouro;Árvore;0.67;6.8;Regular;;;
42;Centro;6959889;210164;Ligustrum lucidum ;Legusto;Árvore;1.06;6.8;Regular;;;
42;Centro;6959888;210167;Ligustrum lucidum ;Legusto;Árvore;1.09;6.8;Péssimo;;;
42;Centro;6959904;210126;Ligustrum lucidum ;Legusto;Árvore;1.22;6.8;Regular;;;
42;Centro;6959918;210101;Ligustrum lucidum ;Legusto;Árvore;1.42;6.8;Regular;;;
42;Centro;6959902;210137;Ligustrum lucidum ;Legusto;Árvore;1.49;6.8;Regular;;;
42;Centro;6959343;209304;Caesalpinia peltophoroides;Sibipiruna;Árvore;1;7.65;Bom;;;
42;Centro;6959908;210122;Ligustrum lucidum ;Legusto;Árvore;1.57;8.5;Regular;;;
42;Centro;6959911;210112;Ligustrum lucidum ;Legusto;Árvore;1.8;8.5;Regular;;;
43;Centro;6959852;210215;Ficus benjamina;figueira Benjamina;Árvore;0.39;3.4;Bom;;;
43;Centro;6959873;210234;Ficus benjamina;figueira Benjamina;Árvore;0.33;3.95;Bom;;;
43;Centro;6959823;210315;Pyrus communis;Pera;Árvore;0.85;3.95;Regular;;;
43;Centro;6959858;210236;Ficus benjamina;figueira Benjamina;Árvore;0.88;3.95;Bom;;;
43;Centro;6959829;210300;Ligustrum lucidum ;Legusto;Árvore;1.1;6.8;Regular;;;
43;Centro;6959831;210298;Ligustrum lucidum ;Legusto;Árvore;1.4;6.8;Regular;;;
43;Centro;6959826;210308;Ligustrum lucidum ;Legusto;Árvore;1;7.65;Regular;;;
43;Centro;6959833;210300;Ligustrum lucidum ;Legusto;Árvore;1.1;7.65;Regular;;;
43;Centro;6959823;210310;Ligustrum lucidum ;Legusto;Árvore;1;8.5;Regular;;;
43;Centro;6959821;210319;Ligustrum lucidum ;Legusto;Árvore;0.86;9.35;Regular;;;
43;Centro;6959810;210337;Ligustrum lucidum ;Legusto;Árvore;1.05;10.2;Regular;;;
43;Centro;6959807;210347;Ligustrum lucidum ;Legusto;Árvore;1.28;10.2;Regular;;;
43;Centro;6959810;210337;Ligustrum lucidum ;Legusto;Árvore;1.43;10.2;Regular;;;
45;Centro;6959733;210515;Inga marginata;Ingá-de-porco;Árvore;0.18;3.4;Bom;;;
45;Centro;6959736;210513;Inga marginata;Ingá-de-porco;Árvore;0.23;3.4;Bom;;;
45;Centro;6959746;210495;Ligustrum lucidum ;Legusto;Árvore;1.13;10.2;Bom;;;
46;Centro;6959710;210579;Eugenia involucrata;Cerejeira;Árvore;0.3;6.8;Bom;;;
46;Centro;6959705;210586;Jacaranda mimosifolia;Jacarandá-mimoso;Árvore;0.66;6.8;Bom;;;
47;Centro;6959667;210686;Ficus benjamina;figueira Benjamina;Árvore;0.16;3.4;Bom;;;
47;Centro;6959666;210691;Ficus benjamina;figueira Benjamina;Árvore;0.22;5.1;Bom;;;
47;Centro;6959657;210710;Ficus benjamina;figueira Benjamina;Árvore;0.67;5.95;Bom;;;
47;Centro;6959649;210724;Ligustrum lucidum ;Legusto;Árvore;1.06;8.5;Bom;;;
47;Centro;6959650;210716;Ligustrum lucidum ;Legusto;Árvore;1.22;9.35;Bom;;;
48;Centro;6959604;210822;Handroanthus chrysotrichus;Ipê;Árvore;0.65;6.8;Bom;;;
48;Centro;6959607;210817;Handroanthus chrysotrichus;Ipê;Árvore;0.7;6.8;Bom;;;
48;Centro;6959604;210828;Handroanthus chrysotrichus;Ipê;Árvore;0.92;6.8;Bom;;;
48;Centro;6959599;210839;Handroanthus chrysotrichus;Ipê;Árvore;0.58;7.65;Bom;;;
48;Centro;6959590;210862;Caesalpinia peltophoroides;Sibipiruna;Árvore;0.59;7.65;Bom;;;
48;Centro;6959594;210851;Handroanthus chrysotrichus;Ipê;Árvore;0.67;7.65;Bom;;;
48;Centro;6959598;210842;Handroanthus chrysotrichus;Ipê;Árvore;0.68;7.65;Bom;;;
48;Centro;6959619;210795;Ligustrum lucidum ;Legusto;Árvore;0.88;7.65;Regular;;;
48;Centro;6959603;210830;Handroanthus chrysotrichus;Ipê;Árvore;0.95;7.65;Bom;;;
48;Centro;6959623;210784;Ligustrum lucidum ;Legusto;Árvore;1.2;8.5;Regular;;;
48;Centro;6959622;210794;Ligustrum lucidum ;Legusto;Árvore;1.33;8.5;Regular;;;
48;Centro;6959624;210785;Ligustrum lucidum ;Legusto;Árvore;1.13;9.35;Regular;;;
49;Érico Veríssimo;6959294;209275;Eriobotrya japonica;Ameixa;Árvore;0.32;3.8;Bom;;;
49;Érico Veríssimo;6959372;209198;Psidium cattleianum;Araçá;Árvore;0.18;3.91;Bom;;;
49;Érico Veríssimo;6959377;209274;Cinnamomum zeylanicum;Canela-doce;Árvore;0.6;4.17;Bom;;;
49;Érico Veríssimo;6959369;209304;Caesalpinia peltophoroides;Sibipiruna;Árvore;0.92;4.25;Bom;;;
49;Érico Veríssimo;6959378;209287;Cinnamomum zeylanicum;Canela-doce;Árvore;0.36;5.01;Bom;;;
49;Érico Veríssimo;6959325;209306;Eugenia uniflora;Pitangueira;Árvore;0.32;5.1;Bom;;;
49;Érico Veríssimo;6959372;209299;Cinnamomum zeylanicum;Canela-doce;Árvore;0.62;5.15;Bom;;;
49;Érico Veríssimo;6959372;209233;Mangifera indica;Mangueira;Árvore;0.46;5.95;Bom;;;
49;Érico Veríssimo;6959372;209232;Caesalpinia peltophoroides;Sibipiruna;Árvore;0.79;6.68;Bom;;;
49;Érico Veríssimo;6959378;209278;Cinnamomum zeylanicum;Canela-doce;Árvore;0.54;6.8;Bom;;;
49;Érico Veríssimo;6959375;209248;Caesalpinia peltophoroides;Sibipiruna;Árvore;1.95;7.65;Bom;;;
49;Érico Veríssimo;6959373;209236;Caesalpinia peltophoroides;Sibipiruna;Árvore;0.42;8.45;Bom;;;
49;Érico Veríssimo;6959366;209194;Caesalpinia peltophoroides;Sibipiruna;Árvore;0.6;10.02;Bom;;;
49;Érico Veríssimo;6959370;209196;Caesalpinia peltophoroides;Sibipiruna;Árvore;3.19;11.9;Bom;;;
49;Érico Veríssimo;6959339;209225;Cordia trichotoma ;Louro-brejó;Árvore;0.8;14.19;Bom;;;
50;Érico Veríssimo;6959744;209191;Cinnamomum zeylanicum;Canela-doce;Árvore;0.38;4.5;Bom;;;
52;Érico Veríssimo;6960124;209263;Cinnamomum zeylanicum;Canela-doce;Árvore;0.28;4.25;Bom;;;
52;Érico Veríssimo;6960041;209333;Ficus benjamina;figueira Benjamina;Árvore;0.43;5.1;Bom;;;
52;Érico Veríssimo;6960081;209333;Caesalpinia peltophoroides;Sibipiruna;Árvore;0.61;5.95;Bom;;;
52;Érico Veríssimo;6960041;209340;Caesalpinia peltophoroides;Sibipiruna;Árvore;0.6;6.8;Bom;;;
52;Érico Veríssimo;6960129;209308;Ligustrum lucidum ;Legusto;Árvore;1.21;6.8;Bom;;;
52;Érico Veríssimo;6960072;209252;Ficus auriculata;Figueira-chilena;Árvore;1.25;6.8;Bom;;;
52;Érico Veríssimo;6960126;209319;Hovenia dulcis;Uva-do-japão;Árvore;0.96;7.65;Bom;;;
52;Érico Veríssimo;6960091;209332;Ligustrum lucidum ;Legusto;Árvore;1.87;7.65;Bom;;;
52;Érico Veríssimo;6960121;209332;Hovenia dulcis;Uva-do-japão;Árvore;0.93;8.5;Bom;;;
54;Érico Veríssimo;6960354;209022;Ficus benjamina;figueira Benjamina;Árvore;0.17;2.2;Bom;;;
54;Érico Veríssimo;6960322;209106;Ficus benjamina;figueira Benjamina;Árvore;0.29;2.55;Bom;;;
54;Érico Veríssimo;6960322;209111;Ficus benjamina;figueira Benjamina;Árvore;0.62;2.55;Bom;;;
54;Érico Veríssimo;6960383;209015;Eugenia involucrata;Cerejeira;Árvore;0.4;3.4;Bom;;;
54;Érico Veríssimo;6960320;209123;Cinnamomum zeylanicum;Canela-doce;Árvore;0.29;4.25;Bom;;;
54;Érico Veríssimo;6960393;209018;Cinnamomum zeylanicum;Canela-doce;Árvore;0.36;4.25;Bom;;;
54;Érico Veríssimo;6960405;209018;Diospyros kaki;Caqui;Árvore;0.38;4.25;Bom;;;
54;Érico Veríssimo;6960344;209023;Ficus benjamina;figueira Benjamina;Árvore;0.53;4.95;Bom;;;
54;Érico Veríssimo;6960355;209022;Ficus benjamina;figueira Benjamina;Árvore;0.16;5.1;Bom;;;
54;Érico Veríssimo;6960311;209018;Mangifera indica;Mangueira;Árvore;0.62;5.1;Bom;;;
54;Érico Veríssimo;6960313;209027;Ligustrum lucidum ;Legusto;Árvore;0.45;6.8;Bom;;;
54;Érico Veríssimo;6960297;208999;Delonix regia;Flamboyant;Árvore;1.12;6.8;Bom;;;
54;Érico Veríssimo;6960308;208960;Ligustrum lucidum ;Legusto;Árvore;0.29;7.65;Bom;;;
54;Érico Veríssimo;6960331;209021;Mangifera indica;Mangueira;Árvore;0.57;7.65;Bom;;;
54;Érico Veríssimo;6960225;209017;Mangifera indica;Mangueira;Árvore;0.6;7.65;Bom;;;
54;Érico Veríssimo;6960419;209015;Cordia americana ;Guajuvira;Árvore;0.53;8.5;Bom;;;
54;Érico Veríssimo;6960405;209018;Inga marginata;Ingá-de-porco;Árvore;0.54;8.5;Bom;;;
54;Érico Veríssimo;6960314;209058;Mangifera indica;Mangueira;Árvore;0.64;8.5;Bom;;;
54;Érico Veríssimo;6960314;209061;Mangifera indica;Mangueira;Árvore;0.75;8.5;Bom;;;
54;Érico Veríssimo;6960450;209014;Mangifera indica;Mangueira;Árvore;0.89;8.5;Bom;;;
54;Érico Veríssimo;6960376;209018;Chamaecyparis obtusa;Cipreste;Árvore;1.06;8.5;Bom;;;
54;Érico Veríssimo;6960325;209202;Ligustrum lucidum ;Legusto;Árvore;2.15;8.5;Bom;;;
54;Érico Veríssimo;6960444;209012;Mangifera indica;Mangueira;Árvore;1.08;9.35;Bom;;;
55;Érico Veríssimo;6960107;208920;Cinnamomum zeylanicum;Canela-doce;Árvore;0.41;3.4;Bom;;;
55;Érico Veríssimo;6960179;208912;Citrus sinensis;Laranjeira;Árvore;0.6;4.25;Bom;;;
55;Érico Veríssimo;6960180;208952;Citrus bergamia;Bergamota;Árvore;0.3;5.1;Bom;;;
55;Érico Veríssimo;6960177;208951;Citrus bergamia;Bergamota;Árvore;0.48;5.1;Bom;;;
55;Érico Veríssimo;6960179;208950;Citrus bergamia;Bergamota;Árvore;0.49;5.1;Bom;;;
55;Érico Veríssimo;6960169;208954;Citrus bergamia;Bergamota;Árvore;0.62;5.1;Bom;;;
55;Érico Veríssimo;6960109;208914;Cinnamomum zeylanicum;Canela-doce;Árvore;0.42;6.8;Bom;;;
55;Érico Veríssimo;6960125;209957;Ligustrum lucidum ;Legusto;Árvore;1.2;6.8;Bom;;;
55;Érico Veríssimo;6960151;208864;Mangifera indica;Mangueira;Árvore;0.71;7.65;Bom;;;
55;Érico Veríssimo;6960178;208924;Mangifera indica;Mangueira;Árvore;0.75;8.5;Bom;;;
56;Ildo Meneghetti;6960670;209012;Eugenia uniflora;Pitangueira;Árvore;0.16;2.78;Bom;;;
56;Ildo Meneghetti;6960672;209010;Cinnamomum zeylanicum;Canela-doce;Árvore;0.42;3.4;Bom;;;
56;Ildo Meneghetti;6960657;209034;Lagerstroemia indica;Resedá;Árvore;0.45;4.25;Bom;;;
56;Ildo Meneghetti;6960563;209070;Cinnamomum zeylanicum;Canela-doce;Árvore;0.33;4.95;Bom;;;
56;Ildo Meneghetti;6960619;209086;Ficus auriculata;Figueira-chilena;Árvore;0.45;5.95;Bom;;;
56;Ildo Meneghetti;6960634;209066;Caesalpinia peltophoroides;Sibipiruna;Árvore;0.71;6.8;Bom;;;
56;Ildo Meneghetti;6960625;209079;Caesalpinia peltophoroides;Sibipiruna;Árvore;0.96;6.8;Bom;;;
56;Ildo Meneghetti;6960593;209116;Handroanthus heptaphyllus;Ipê-roxo;Árvore;0.76;7.65;Bom;;;
56;Ildo Meneghetti;6960625;209000;Cinnamomum zeylanicum;Canela-doce;Árvore;0.91;7.65;Bom;;;
56;Ildo Meneghetti;6960602;209106;Caesalpinia peltophoroides;Sibipiruna;Árvore;0.88;8.5;Bom;;;
56;Ildo Meneghetti;6960612;209099;Mangifera indica;Mangueira;Árvore;1;8.5;Bom;;;
56;Ildo Meneghetti;6960617;208995;Cinnamomum zeylanicum;Canela-doce;Árvore;1.02;8.5;Bom;;;
58;Ildo Meneghetti;6960748;208864;Cinnamomum zeylanicum;Canela-doce;Árvore;0.3;3.4;Bom;;;
58;Ildo Meneghetti;6960708;208909;Inga marginata;Ingá-de-porco;Árvore;0.38;3.8;Bom;;;
58;Ildo Meneghetti;6960770;208825;Lagerstroemia indica;Resedá;Árvore;0.28;4.25;Bom;;;
58;Ildo Meneghetti;6960762;208839;Cinnamomum zeylanicum;Canela-doce;Árvore;0.34;5.1;Bom;;;
58;Ildo Meneghetti;6960767;208730;Eriobotrya japonica;Ameixa;Árvore;0.17;5.95;Bom;;;
58;Ildo Meneghetti;6960725;208810;Ligustrum lucidum ;Legusto;Árvore;1.27;5.95;Regular;;;
58;Ildo Meneghetti;6960781;208797;Citrus sinensis;Laranjeira;Árvore;0.55;6.8;Bom;;;
58;Ildo Meneghetti;6960736;208788;Cinnamomum zeylanicum;Canela-doce;Árvore;0.83;6.8;Bom;;;
58;Ildo Meneghetti;6960775;208812;Ligustrum lucidum ;Legusto;Árvore;1;6.8;Bom;;;
58;Ildo Meneghetti;6960726;208907;Mangifera indica;Mangueira;Árvore;1.16;6.8;Bom;;;
58;Ildo Meneghetti;6960782;208735;Inga marginata;Ingá-de-porco;Árvore;1.2;6.8;Bom;;;
58;Ildo Meneghetti;6960774;208821;Ligustrum lucidum ;Legusto;Árvore;1.2;6.8;Bom;;;
58;Ildo Meneghetti;6960752;208756;Citrus bergamia;Bergamota;Árvore;0.78;7.65;Bom;;;
58;Ildo Meneghetti;6960787;208789;Eugenia uniflora;Pitangueira;Árvore;0.5;7.82;Bom;;;
58;Ildo Meneghetti;6960777;208729;Eriobotrya japonica;Ameixa;Árvore;0.6;8.5;Bom;;;
58;Ildo Meneghetti;6960794;208474;Eriobotrya japonica;Ameixa;Árvore;0.6;8.5;Bom;;;
58;Ildo Meneghetti;6960760;208744;Mangifera indica;Mangueira;Árvore;0.69;8.5;Bom;;;
58;Ildo Meneghetti;6960714;208907;Mangifera indica;Mangueira;Árvore;1.09;8.5;Bom;;;
59;Ildo Meneghetti;6960817;208771;Plinia peruviana;Jaboticaba;Árvore;0.16;1.3;Bom;;;
59;Ildo Meneghetti;6960992;208654;Psidium guajava;Goiabeira;Árvore;0.27;4.25;Bom;;;
59;Ildo Meneghetti;6960978;208645;Ficus benjamina;figueira Benjamina;Árvore;0.27;4.58;Bom;;;
59;Ildo Meneghetti;6960947;208635;Psidium guajava;Goiabeira;Árvore;0.44;5.95;Bom;;;
59;Ildo Meneghetti;6960625;208623;Psidium guajava;Goiabeira;Árvore;0.56;6.8;Bom;;;
59;Ildo Meneghetti;6961041;208678;Psidium guajava;Goiabeira;Árvore;0.76;6.8;Bom;;;
59;Ildo Meneghetti;6960977;208648;Ficus benjamina;figueira Benjamina;Árvore;0.32;7.65;Bom;;;
59;Ildo Meneghetti;6960974;208623;Psidium guajava;Goiabeira;Árvore;0.46;7.65;Bom;;;
59;Ildo Meneghetti;6960951;208628;Persea americana;Abacateiro;Árvore;0.56;7.65;Bom;;;
59;Ildo Meneghetti;6061005;208661;Ficus sp;Figueira;Árvore;0.71;8.5;Bom;;;
60;Ildo Meneghetti;6960976;208664;Cinnamomum zeylanicum;Canela-doce;Árvore;0.19;4.25;Bom;;;
60;Ildo Meneghetti;6960838;208773;Citrus sinensis;Laranjeira;Árvore;0.43;4.25;Bom;;;
60;Ildo Meneghetti;6960972;208669;Ligustrum lucidum ;Legusto;Árvore;0.43;6.8;Bom;;;
62;Ildo Meneghetti;6960764;208850;Cinnamomum zeylanicum;Canela-doce;Árvore;0.25;2.15;Bom;;;
62;Ildo Meneghetti;6960812;208912;Eriobotrya japonica;Ameixa;Árvore;0.16;3.4;Bom;;;
62;Ildo Meneghetti;6960777;208832;Cinnamomum zeylanicum;Canela-doce;Árvore;0.17;3.4;Bom;;;
62;Ildo Meneghetti;6960805;208908;Cinnamomum zeylanicum;Canela-doce;Árvore;0.19;3.4;Bom;;;
62;Ildo Meneghetti;6960811;208911;Euphorbia cotinifolia;Leiteiro vermelho;Árvore;0.25;3.4;Bom;;;
62;Ildo Meneghetti;6960778;208825;Cinnamomum zeylanicum;Canela-doce;Árvore;0.35;3.4;Bom;;;
62;Ildo Meneghetti;6960766;208848;Cinnamomum zeylanicum;Canela-doce;Árvore;0.39;4.25;Bom;;;
62;Ildo Meneghetti;6960832;208788;Caesalpinia peltophoroides;Sibipiruna;Árvore;0.21;5.1;Bom;;;
62;Ildo Meneghetti;6960782;208816;Syzygium jambolanum;Jambolão;Árvore;0.39;5.95;Bom;;;
62;Ildo Meneghetti;6960762;208859;Cinnamomum zeylanicum;Canela-doce;Árvore;0.6;5.95;Bom;;;
62;Ildo Meneghetti;6960790;208900;Mangifera indica;Mangueira;Árvore;0.62;5.95;Bom;;;
62;Ildo Meneghetti;6960822;208916;Psidium guajava;Goiabeira;Árvore;0.29;6.8;Bom;;;
62;Ildo Meneghetti;6960883;208814;Caesalpinia peltophoroides;Sibipiruna;Árvore;0.78;6.8;Bom;;;
62;Ildo Meneghetti;6960848;208796;Caesalpinia peltophoroides;Sibipiruna;Árvore;0.75;7.65;Bom;;;
62;Ildo Meneghetti;6960756;208855;Cinnamomum zeylanicum;Canela-doce;Árvore;0.94;7.65;Bom;;;
62;Ildo Meneghetti;6960857;208803;Caesalpinia peltophoroides;Sibipiruna;Árvore;0.95;7.65;Bom;;;
62;Ildo Meneghetti;6960829;208785;Ligustrum lucidum ;Legusto;Árvore;0.92;8.5;Bom;;;
62;Ildo Meneghetti;6960867;208805;Caesalpinia peltophoroides;Sibipiruna;Árvore;1.05;8.5;Bom;;;
62;Ildo Meneghetti;6960853;208800;Caesalpinia peltophoroides;Sibipiruna;Árvore;1.08;8.5;Bom;;;
62;Ildo Meneghetti;6960838;208790;Delonix regia;Flamboyant;Árvore;1.5;8.5;Bom;;;
62;Ildo Meneghetti;6960763;208862;Cinnamomum zeylanicum;Canela-doce;Árvore;2.24;8.5;Bom;;;
62;Ildo Meneghetti;6960763;208862;Cinnamomum zeylanicum;Canela-doce;Árvore;2.24;8.5;Bom;;;
62;Ildo Meneghetti;6960874;208809;Caesalpinia peltophoroides;Sibipiruna;Árvore;0.87;9.35;Bom;;;
62;Ildo Meneghetti;6960876;208811;Inga marginata;Ingá-de-porco;Árvore;1.25;9.35;Bom;;;
62;Ildo Meneghetti;6960886;208816;Caesalpinia peltophoroides;Sibipiruna;Árvore;1.39;9.35;Bom;;;
62;Ildo Meneghetti;6960780;208821;Mangifera indica;Mangueira;Árvore;1.45;9.35;Bom;;;
62;Ildo Meneghetti;6960862;208804;Caesalpinia peltophoroides;Sibipiruna;Árvore;0.76;10.2;Bom;;;
62;Ildo Meneghetti;6960825;208786;Caesalpinia peltophoroides;Sibipiruna;Árvore;1.39;10.2;Bom;;;
62;Ildo Meneghetti;6960791;208802;Mangifera indica;Mangueira;Árvore;2.6;10.2;Bom;;;
62;Ildo Meneghetti;6960841;208792;Ligustrum lucidum ;Legusto;Árvore;3.39;10.2;Bom;;;
62;Ildo Meneghetti;6960819;208782;Caesalpinia peltophoroides;Sibipiruna;Árvore;1.83;10.32;Bom;;;
62;Ildo Meneghetti;6960871;208808;Caesalpinia peltophoroides;Sibipiruna;Árvore;2.14;11.05;Bom;;;
63;Ildo Meneghetti;6960698;208999;Jacaranda mimosifolia;Jacarandá-mimoso;Árvore;0.69;6.8;Bom;;;
63;Ildo Meneghetti;6960704;208999;Jacaranda mimosifolia;Jacarandá-mimoso;Árvore;0.97;6.8;Bom;;;
64;Ildo Meneghetti;6960847;208942;Psidium guajava;Goiabeira;Árvore;0.16;3.4;Bom;;;
64;Ildo Meneghetti;6960834;208950;Eugenia involucrata;Cerejeira;Árvore;0.42;3.4;Bom;;;
64;Weber;6960804;209004;Eriobotrya japonica;Ameixa;Árvore;0.26;5.1;Bom;;;
64;Weber;6960774;209166;Perna de moça;Perna de moça;Árvore;0.58;5.1;Bom;;;
64;Ildo Meneghetti;6960908;208979;Cinnamomum zeylanicum;Canela-doce;Árvore;1.43;5.95;Bom;;;
65;Weber;6960821;209821;Mangifera indica;Mangueira;Árvore;0.48;4.25;Regular;;;
65;Weber;6960806;209195;Ligustrum lucidum ;Legusto;Árvore;1.4;5.95;Bom;;;
65;Weber;6960857;209221;Ficus auriculata;Figueira-chilena;Árvore;1.1;6.8;Bom;;;
65;Weber;6960864;209254;Perna de moça;Perna de moça;Árvore;1.2;6.8;Bom;;;
69;Santa Inês;6959519;210080;Lagerstroemia indica;Resedá;Árvore;0.56;3.4;Bom;;;
69;Santa Inês;6959463;209992;Schinus molle;Aroeira Periquita;Árvore;0.2;4.25;Bom;;;
69;Santa Inês;6959464;209886;Ficus benjamina;figueira Benjamina;Árvore;0.26;4.25;Bom;;;
69;Santa Inês;6959464;209886;Ficus benjamina;figueira Benjamina;Árvore;0.26;4.25;Bom;;;
69;Santa Inês;6959452;209996;Cinnamomum zeylanicum;Canela-doce;Árvore;0.89;4.95;Bom;;;
69;Santa Inês;6959935;209976;Ficus benjamina;figueira Benjamina;Árvore;0.68;5.1;Bom;;;
69;Santa Inês;6959509;210070;Ligustrum lucidum ;Legusto;Árvore;0.72;5.1;Bom;;;
69;Santa Inês;6959481;209992;Myrcianthes pungens;Guabiju;Árvore;0.8;5.1;Bom;;;
69;Santa Inês;6959532;210095;Cinnamomum zeylanicum;Canela-doce;Árvore;1.05;5.1;Bom;;;
69;Santa Inês;6959461;210007;Ficus sp;Figueira;Árvore;0.9;6.8;Bom;;;
69;Santa Inês;6959581;209978;Ficus auriculata;Figueira-chilena;Árvore;1.25;6.8;Bom;;;
69;Santa Inês;6959568;209980;Cinnamomum zeylanicum;Canela-doce;Árvore;1.6;6.8;Bom;;;
69;Santa Inês;6959537;209984;Ligustrum lucidum ;Legusto;Árvore;0.6;8.5;Bom;;;
70;Santa Inês;6959449;209888;Ficus benjamina;figueira Benjamina;Árvore;0.25;3.4;Bom;;;
70;Santa Inês;6959522;209804;Lagerstroemia indica;Resedá;Árvore;0.3;3.91;Bom;;;
70;Santa Inês;6959422;209974;Ligustrum lucidum ;Legusto;Árvore;0.38;4.25;Bom;;;
70;Santa Inês;6959422;209956;Caesalpinia peltophoroides;Sibipiruna;Árvore;0.52;4.25;Bom;;;
70;Santa Inês;6959428;209978;Ligustrum lucidum ;Legusto;Árvore;0.6;4.25;Bom;;;
70;Santa Inês;6959437;209986;Ligustrum lucidum ;Legusto;Árvore;0.84;4.25;Bom;;;
70;Santa Inês;6959426;209976;Helietta apiculata;Canela de Veado;Árvore;0.85;4.25;Bom;;;
70;Santa Inês;6959423;209950;Ficus benjamina;figueira Benjamina;Árvore;0.85;4.25;Bom;;;
70;Santa Inês;6959445;209983;sp35;não identificada;Árvore;0.89;4.62;Bom;;;
70;Santa Inês;6959449;209874;Caesalpinia peltophoroides;Sibipiruna;Árvore;0.44;5.1;Bom;;;
70;Santa Inês;6959421;209973;Ligustrum lucidum ;Legusto;Árvore;0.5;5.1;Bom;;;
70;Santa Inês;6959416;209961;Ligustrum lucidum ;Legusto;Árvore;0.55;5.1;Bom;;;
70;Santa Inês;6959419;209964;Ligustrum lucidum ;Legusto;Árvore;0.56;5.1;Bom;;;
70;Santa Inês;6959418;209968;Ligustrum lucidum ;Legusto;Árvore;0.6;5.1;Bom;;;
70;Santa Inês;6959441;209896;Cinnamomum zeylanicum;Canela-doce;Árvore;0.7;5.1;Bom;;;
70;Santa Inês;6959448;209982;Ficus benjamina;figueira Benjamina;Árvore;0.79;5.1;Bom;;;
70;Santa Inês;6959431;209982;Ligustrum lucidum ;Legusto;Árvore;0.9;5.1;Bom;;;
70;Santa Inês;6959452;209870;Caesalpinia peltophoroides;Sibipiruna;Árvore;0.43;5.95;Bom;;;
70;Santa Inês;6959452;209869;Caesalpinia peltophoroides;Sibipiruna;Árvore;0.56;5.95;Bom;;;
70;Santa Inês;6959457;209864;Caesalpinia peltophoroides;Sibipiruna;Árvore;0.54;6.8;Bom;;;
70;Santa Inês;6959457;209864;Caesalpinia peltophoroides;Sibipiruna;Árvore;0.54;6.8;Bom;;;
70;Santa Inês;6959435;209914;Cinnamomum zeylanicum;Canela-doce;Árvore;0.6;6.8;Bom;;;
70;Santa Inês;6959460;209862;Caesalpinia peltophoroides;Sibipiruna;Árvore;0.71;6.8;Bom;;;
70;Santa Inês;6959427;209933;Cinnamomum zeylanicum;Canela-doce;Árvore;1;6.8;Bom;;;
70;Santa Inês;6959569;209962;Ligustrum lucidum ;Legusto;Árvore;1.01;6.8;Regular;;;
70;Santa Inês;6959562;209974;Ligustrum lucidum ;Legusto;Árvore;1.1;6.8;Regular;;;
70;Santa Inês;6959438;209904;Cinnamomum zeylanicum;Canela-doce;Árvore;0.66;7.65;Bom;;;
70;Santa Inês;6959467;209860;Mangifera indica;Mangueira;Árvore;0.67;7.65;Bom;;;
70;Santa Inês;6959514;209908;Cinnamomum zeylanicum;Canela-doce;Árvore;0.83;7.65;Bom;;;
70;Santa Inês;6959471;209866;Caesalpinia peltophoroides;Sibipiruna;Árvore;0.93;7.65;Bom;;;
70;Santa Inês;6959509;209976;Ligustrum lucidum ;Legusto;Árvore;1.17;7.65;Regular;;;
70;Santa Inês;6959500;209972;Ligustrum lucidum ;Legusto;Árvore;1.37;7.65;Regular;;;
70;Santa Inês;6959438;209909;Cinnamomum zeylanicum;Canela-doce;Árvore;1.62;7.65;Bom;;;
70;Santa Inês;6959550;209934;Ficus auriculata;Figueira-chilena;Árvore;1.7;7.65;Bom;;;
70;Santa Inês;6959467;209860;Caesalpinia peltophoroides;Sibipiruna;Árvore;0.51;8.16;Bom;;;
70;Santa Inês;6959441;209900;Mangifera indica;Mangueira;Árvore;0.69;8.5;Bom;;;
70;Santa Inês;6959567;209972;Ligustrum lucidum ;Legusto;Árvore;0.9;8.5;Regular;;;
70;Santa Inês;6959530;209974;Syzygium jambolanum;Jambolão;Árvore;1.5;9.5;Bom;;;
70;Santa Inês;6959517;209912;Syzygium jambolanum;Jambolão;Árvore;1.12;11.05;Bom;;;
70;Santa Inês;6959517;209910;Syzygium jambolanum;Jambolão;Árvore;1.2;11.05;Bom;;;
70;Santa Inês;6959;209;Caesalpinia peltophoroides;Sibipiruna;Árvore;1.5;11.9;Bom;;;
71;Érico Veríssimo;6959474;209838;Lagerstroemia indica;Resedá ;Árvore;0.22;2.55;Bom;;;
71;Érico Veríssimo;6959472;209830;Lagerstroemia indica;Resedá ;Árvore;0.22;2.55;Bom;;;
71;Érico Veríssimo;6959479;209831;Lagerstroemia indica;Resedá ;Árvore;0.19;3.4;Bom;;;
71;Érico Veríssimo;6959524;209805;Lagerstroemia indica;Resedá;Árvore;0.2;3.4;Bom;;;
71;Érico Veríssimo;6959487;209823;Lagerstroemia indica;Resedá ;Árvore;0.23;3.4;Bom;;;
71;Érico Veríssimo;6959493;209821;Lagerstroemia indica;Resedá ;Árvore;0.3;3.4;Bom;;;
71;Érico Veríssimo;6959483;209824;Helietta apiculata;Canela de Veado;Árvore;0.42;3.4;Bom;;;
71;Santa Inês;6959522;209804;Lagerstroemia indica;Resendá;Árvore;0.3;3.91;Bom;;;
71;Érico Veríssimo;6959496;209817;Lagerstroemia indica;Resedá ;Árvore;0.23;4.25;Bom;;;
71;Érico Veríssimo;6959494;209817;Lagerstroemia indica;Resedá ;Árvore;0.27;4.25;Bom;;;
71;Érico Veríssimo;6959462;209836;Lagerstroemia indica;Resedá ;Árvore;0.22;5.1;Bom;;;
71;Santa Inês;6959572;209778;Citrus sinensis;Laranjeira;Árvore;0.32;5.1;Bom;;;
71;Érico Veríssimo;6959561;209784;Citrus limon;Limão;Árvore;0.4;5.1;Bom;;;
71;Érico Veríssimo;6959480;209728;Mangifera indica;Mangueira;Árvore;0.66;5.1;Bom;;;
71;Érico Veríssimo;6959535;209743;Bauhinia forficata;Pata-de-vaca;Árvore;0.2;5.95;Bom;;;
71;Érico Veríssimo;6959506;209816;Cinnamomum zeylanicum;Canela-doce;Árvore;0.88;5.95;Bom;;;
71;Santa Inês;6959560;209758;Pyrus sp;Pera Pau;Árvore;0.85;6.29;Bom;;;
71;Érico Veríssimo;6959524;209736;Bauhinia forficata;Pata-de-vaca;Árvore;0.3;6.8;Bom;;;
71;Érico Veríssimo;6959520;209733;Bauhinia forficata;Pata-de-vaca;Árvore;0.33;6.8;Bom;;;
71;Érico Veríssimo;6959516;209731;Bauhinia forficata;Pata-de-vaca;Árvore;0.36;6.8;Bom;;;
71;Érico Veríssimo;6959257;209738;Bauhinia forficata;Pata-de-vaca;Árvore;0.53;6.8;Regular;;;
71;Érico Veríssimo;6959427;209413;Mangifera indica;Mangueira;Árvore;0.59;7.65;Bom;;;
71;Érico Veríssimo;6959423;209809;Schinus molle;Aroeira Periquita;Árvore;0.82;7.65;Bom;;;
71;Érico Veríssimo;6959422;209806;Mangifera indica;Mangueira;Árvore;0.88;7.65;Bom;;;
71;Érico Veríssimo;6959413;209799;Caesalpinia peltophoroides;Sibipiruna;Árvore;0.91;7.65;Bom;;;
71;Érico Veríssimo;6959422;209813;Mangifera indica;Mangueira;Árvore;1.23;7.65;Bom;;;
71;Érico Veríssimo;6959575;209772;Inga marginata;Ingá-de-porco;Árvore;0.87;8.5;Bom;;;
72;Pindorama;6959120;211025;Ficus auriculata;Figueira-chilena;Árvore;0.35;2.1;Bom;;;
72;Pindorama;6959130;210963;Cinnamomum zeylanicum;Canela-doce;Árvore;0.16;2.2;Bom;;;
72;Pindorama;6959199;211059;Caesalpinia peltophoroides;Sibipiruna;Árvore;0.4;2.2;Péssimo;;;
72;Pindorama;6959194;211096;Melia azedarach;Cinamomo;Árvore;2.25;2.2;Péssimo;;;
72;Pindorama;6959198;210983;Eugenia uniflora;Pitangueira;Árvore;0.1;2.5;Bom;;;
72;Pindorama;6959150;211095;Inga marginata;Ingá-de-porco;Árvore;0.17;2.8;Bom;;;
72;Pindorama;6959144;211095;Prunus persica;Pessego;Árvore;0.11;4.25;Bom;;;
72;Pindorama;6959144;211095;Octea puberula;Canela Guaicá;Árvore;0.18;4.25;Bom;;;
72;Pindorama;6959118;210983;Cinnamomum zeylanicum;Canela-doce;Árvore;0.37;5.1;Bom;;;
72;Pindorama;6959200;211069;Caesalpinia peltophoroides;Sibipiruna;Árvore;0.47;5.1;Péssimo;;;
72;Pindorama;6959129;210962;Lagerstroemia indica;Resedá;Árvore;0.39;5.95;Regular;;;
72;Pindorama;6959198;210587;Ficus benjamina;figueira Benjamina;Árvore;0.26;6.8;Bom;;;
72;Pindorama;6959119;210995;Eriobotrya japonica;Ameixa;Árvore;0.38;6.8;Bom;;;
72;Pindorama;6959199;211077;Eriobotrya japonica;Ameixa;Árvore;0.39;6.8;Bom;;;
72;Pindorama;6959133;210963;Lagerstroemia indica;Resedá;Árvore;0.39;6.8;Regular;;;
72;Pindorama;6959132;210962;Lagerstroemia indica;Resedá;Árvore;0.41;6.8;Bom;;;
72;Pindorama;6959139;210960;Lagerstroemia indica;Resedá;Árvore;0.43;6.8;Regular;;;
72;Pindorama;6959118;211017;Ficus luschnathiana;Grevilha;Árvore;0.49;6.8;Bom;;;
72;Pindorama;6959188;210955;Cinnamomum zeylanicum;Canela-doce;Árvore;0.52;6.8;Bom;;;
72;Pindorama;6959136;210961;Lagerstroemia indica;Resedá;Árvore;0.53;6.8;Bom;;;
72;Pindorama;6959160;210959;Annona neosalicifolia;Ariticum;Árvore;0.54;6.8;Bom;;;
72;Pindorama;6959138;210994;Cinnamomum zeylanicum;Canela-doce;Árvore;0.59;6.8;Bom;;;
72;Pindorama;6959162;210958;Lagerstroemia indica;Resedá;Árvore;0.62;6.8;Bom;;;
72;Pindorama;6959117;210978;Caesalpinia peltophoroides;Sibipiruna;Árvore;0.78;6.8;Bom;;;
72;Pindorama;6959196;210992;Eugenia uniflora;Pitangueira;Árvore;0.81;6.8;Bom;;;
72;Pindorama;6959118;210989;Ligustrum lucidum ;Legusto;Árvore;0.85;6.8;Bom;;;
72;Pindorama;6959117;210978;Caesalpinia peltophoroides;Sibipiruna;Árvore;0.92;6.8;Bom;;;
72;Pindorama;6959196;211000;Eriobotrya japonica;Ameixa;Árvore;0.57;7.22;Regular;;;
72;Pindorama;6959118;211000;Handroanthus heptaphyllus;Ipê-roxo;Árvore;0.73;7.31;Bom;;;
72;Pindorama;6959199;211080;Mangifera indica;Mangueira;Árvore;0.85;7.65;Péssimo;;;
72;Pindorama;6959123;211092;Hovenia dulcis;Uva-do-japão;Árvore;1.08;8.5;Bom;;;
72;Pindorama;6959200;210980;Caesalpinia peltophoroides;Sibipiruna;Árvore;1.68;8.5;Bom;;;
72;Pindorama;6959198;210960;Ficus benjamina;figueira Benjamina;Árvore;0.72;9.35;Bom;;;
72;Pindorama;6959164;211096;Caesalpinia peltophoroides;Sibipiruna;Árvore;0.75;10.2;Regular;;;
72;Pindorama;6959124;211085;Hovenia dulcis;Uva-do-japão;Árvore;1.02;10.2;Regular;;;
72;Pindorama;6959129;211092;Hovenia dulcis;Uva-do-japão;Árvore;1.35;10.71;Bom;;;
72;Pindorama;6959122;211084;Hovenia dulcis;Uva-do-japão;Árvore;1.23;11.05;Regular;;;
73;Pindorama;6959070;211091;Lagerstroemia indica;Resedá;Árvore;0.09;2.2;Bom;;;
73;Pindorama;6958904;211112;Cinnamomum zeylanicum;Canela-doce;Árvore;0.45;2.5;Bom;;;
73;Pindorama;6959107;210974;spondias purpurea;Ciriguela;Árvore;0.25;2.55;Regular;;;
73;Pindorama;6959107;210969;spondias purpurea;Ciriguela;Árvore;0.18;2.6;Péssimo;;;
73;Pindorama;6958966;211092;Handroanthus heptaphyllus;Ipê-roxo;Árvore;0.66;4.24;Bom;;;
73;Pindorama;6959069;211090;Lagerstroemia indica;Resedá;Árvore;0.12;4.25;Bom;;;
73;Pindorama;6959032;210969;Lagerstroemia indica;Resedá;Árvore;0.16;4.25;Bom;;;
73;Pindorama;6958936;211101;Ligustrum lucidum ;Legusto;Árvore;0.17;4.25;Bom;;;
73;Pindorama;6959028;210969;Lagerstroemia indica;Resedá;Árvore;0.12;5.1;Bom;;;
73;Pindorama;6959023;210970;Lagerstroemia indica;Resedá;Árvore;0.24;5.1;Bom;;;
73;Pindorama;6958861;211122;Ficus benjamina;figueira Benjamina;Árvore;0.24;5.1;Bom;;;
73;Pindorama;6959033;210970;Lagerstroemia indica;Resedá;Árvore;0.3;5.1;Bom;;;
73;Pindorama;6958845;211115;Cinnamomum zeylanicum;Canela-doce;Árvore;0.43;5.1;Bom;;;
73;Pindorama;6958979;211091;Handroanthus heptaphyllus;Ipê-roxo;Árvore;0.5;5.1;Regular;;;
73;Pindorama;6958848;211123;Ficus benjamina;figueira Benjamina;Árvore;0.51;5.1;Bom;;;
73;Pindorama;6959041;211091;Cinnamomum zeylanicum;Canela-doce;Árvore;0.51;5.1;Bom;;;
73;Pindorama;6958847;211115;Ficus benjamina;figueira Benjamina;Árvore;1.1;5.1;Bom;;;
73;Pindorama;6959036;210972;Lagerstroemia indica;Resedá;Árvore;0.25;5.95;Regular;;;
73;Pindorama;6959064;211090;Cinnamomum zeylanicum;Canela-doce;Árvore;0.37;5.95;Bom;;;
73;Pindorama;6958875;211118;Caesalpinia peltophoroides;Sibipiruna;Árvore;0.9;5.95;Regular;;;
73;Pindorama;6958867;211121;Caesalpinia peltophoroides;Sibipiruna;Árvore;0.9;5.95;Bom;;;
73;Pindorama;6958944;211098;Ligustrum lucidum ;Legusto;Árvore;1;5.95;Bom;;;
73;Pindorama;6958933;211115;Ligustrum lucidum ;Legusto;Árvore;0.1;6.8;Bom;;;
73;Pindorama;6959047;211090;Cinnamomum zeylanicum;Canela-doce;Árvore;0.42;6.8;Bom;;;
73;Pindorama;6958948;211097;Handroanthus chrysotrichus;Ipê;Árvore;0.55;6.8;Regular;;;
73;Pindorama;6958880;211117;Caesalpinia peltophoroides;Sibipiruna;Árvore;0.59;6.8;Bom;;;
73;Pindorama;6958868;211121;Caesalpinia peltophoroides;Sibipiruna;Árvore;0.72;6.8;Bom;;;
73;Pindorama;6958979;211092;Handroanthus chrysotrichus;Ipê;Árvore;0.81;6.8;Bom;;;
73;Pindorama;6958939;211100;Ligustrum lucidum ;Legusto;Árvore;0.9;6.8;Regular;;;
73;Pindorama;6958845;211115;Caesalpinia peltophoroides;Sibipiruna;Árvore;1.2;6.8;Regular;;;
73;Pindorama;6958845;211114;Caesalpinia peltophoroides;Sibipiruna;Árvore;1.4;6.8;Bom;;;
73;Pindorama;6958847;211118;Caesalpinia peltophoroides;Sibipiruna;Árvore;1.69;6.8;Bom;;;
73;Pindorama;6958958;211094;Handroanthus heptaphyllus;Ipê-roxo;Árvore;1.7;6.8;Bom;;;
73;Pindorama;6959109;211049;Caesalpinia peltophoroides;Sibipiruna;Árvore;1.4;7.65;Regular;;;
73;Pindorama;6959106;210991;Ficus benjamina;figueira Benjamina;Árvore;0.61;8.5;Bom;;;
73;Pindorama;6959085;211089;Caesalpinia peltophoroides;Sibipiruna;Árvore;1.2;8.5;Bom;;;
73;Pindorama;6958029;211089;Handroanthus heptaphyllus;Ipê-roxo;Árvore;1.53;8.5;Bom;;;
73;Pindorama;6959108;211016;Caesalpinia peltophoroides;Sibipiruna;Árvore;1.75;8.5;Regular;;;
73;Pindorama;6959109;210989;Ficus benjamina;figueira Benjamina;Árvore;1.01;9.35;Bom;;;
73;Pindorama;6959107;211011;Caesalpinia peltophoroides;Sibipiruna;Árvore;2.2;10.2;Bom;;;
73;Pindorama;6959108;211042;Caesalpinia peltophoroides;Sibipiruna;Árvore;1.6;11.05;Bom;;;
74;Pindorama;6958831;211044;Hovenia dulcis;Uva-do-japão;Árvore;0.74;5.1;Regular;;;
74;Pindorama;6958757;211119;Ficus auriculata;Figueira-chilena;Árvore;1.03;5.1;Bom;;;
74;Pindorama;6958731;211133;Handroanthus chrysotrichus;Ipê;Árvore;0.58;7.25;Bom;;;
74;Pindorama;6958793;211143;Caesalpinia peltophoroides;Sibipiruna;Árvore;0.67;7.65;Bom;;;
74;Pindorama;6958803;211142;Caesalpinia peltophoroides;Sibipiruna;Árvore;1.2;8.5;Regular;;;
75;Pindorama;6959777;210964;Eugenia involucrata;Cerejeira;Árvore;0.1;2.3;Bom;;;
75;Pindorama;6958793;210953;Eriobotrya japonica;Ameixa;Árvore;0.2;4.25;Bom;;;
75;Pindorama;6958770;210969;Lagerstroemia indica;Resedá;Árvore;0.24;4.25;Bom;;;
75;Pindorama;6958793;210954;Chamaecyparis obtusa;Cipreste;Árvore;0.3;4.25;Bom;;;
75;Pindorama;6958770;210968;Psidium guajava;Goiabeira;Árvore;0.2;5.1;Bom;;;
75;Pindorama;6958767;210971;Lagerstroemia indica;Resedá ;Árvore;0.25;5.1;Bom;;;
75;Pindorama;6958773;210967;Citrus sinensis;Laranjeira;Árvore;0.42;5.1;Bom;;;
75;Pindorama;6958800;210964;Cinnamomum zeylanicum;Canela-doce;Árvore;0.48;5.1;Bom;;;
75;Pindorama;6958815;210981;Ligustrum lucidum ;Legusto;Árvore;0.53;10.2;Bom;;;
76;Lago Frei Ivo;6958635;211271;Ficus luschnathiana;Figueira-mata-pau;Árvore;0.09;2.55;Bom;;;
76;Lago Frei Ivo;6958754;211302;Eugenia uniflora;Pitangueira;Árvore;0.12;2.55;Bom;;;
76;Pindorama;6958655;211243;Myrcianthes pungens;Guabiju;Árvore;0.24;2.55;Bom;;;
76;Pindorama;6958781;211243;Cinnamomum zeylanicum;Canela-doce;Árvore;0.15;2.9;Bom;;;
76;Lago Frei Ivo;6958693;211218;Cinnamomum zeylanicum;Canela-doce;Árvore;0.25;3.1;Bom;;;
76;Lago Frei Ivo;6958643;211298;Ficus cestrifolia;Figueira-mata-pau;Árvore;0.13;3.4;Bom;;;
76;Lago Frei Ivo;6958721;211306;Citrus limon;Limão;Árvore;0.15;3.4;Bom;;;
76;Lago Frei Ivo;6958682;211198;Melia azedarach;Cinamomo;Árvore;0.16;3.4;Bom;;;
76;Lago Frei Ivo;6958753;211292;Lonchocarpus nitidus;Rabo-de-bugio;Árvore;0.3;3.4;Bom;;;
76;Lago Frei Ivo;6958646;211300;Ficus luschnathiana;Figueira;Árvore;0.24;3.7;Bom;;;
76;Pindorama;6958746;211297;Platanus sp;Plátano;Árvore;0.41;4.2;Bom;;;
76;Lago Frei Ivo;6958752;211305;Eugenia uniflora;Pitangueira;Árvore;0.06;4.25;Bom;;;
76;Pindorama;6958746;211352;Caesalpinia peltophoroides;Sibipiruna;Árvore;0.11;4.25;Bom;;;
76;Pindorama;6958651;211189;Cinnamomum zeylanicum;Canela-doce;Árvore;0.17;4.25;Bom;;;
76;Lago Frei Ivo;6958743;211284;Balfourodendron riedelianum;Pau-marfim ;Árvore;0.2;5.1;Bom;;;
76;Lago Frei Ivo;6958634;211281;Ficus cestrifolia;Figueira-mata-pau;Árvore;0.26;5.1;Bom;;;
76;Lago Frei Ivo;6958722;211248;Hovenia dulcis;Uva-do-japão;Árvore;0.28;5.1;Bom;;;
76;Lago Frei Ivo;6958660;211240;Ligustrum lucidum ;Legusto;Árvore;0.3;5.1;Bom;;;
76;Lago Frei Ivo;6958723;211246;Eugenia uniflora;Pitangueira;Árvore;0.35;5.1;Bom;;;
76;Lago Frei Ivo;6958637;211254;Platanus sp;Plátano;Árvore;0.35;5.1;Bom;;;
76;Lago Frei Ivo;6958680;211323;Ligustrum lucidum ;Legusto;Árvore;0.4;5.1;Bom;;;
76;Lago Frei Ivo;6958739;211297;Ficus luschnathiana;Figueira;Árvore;0.4;5.1;Bom;;;
76;Lago Frei Ivo;6958721;211306;Ligustrum lucidum ;Legusto;Árvore;0.43;5.1;Bom;;;
76;Pindorama;6958635;211360;Cinnamomum zeylanicum;Canela-doce;Árvore;0.65;5.1;Bom;;;
76;Lago Frei Ivo;6958633;211273;Ficus luschnathiana;Figueira;Árvore;0.75;5.61;Bom;;;
76;Lago Frei Ivo;6958738;211286;Schinus terebinthifolius;Aroeira-Vermelha;Árvore;0.3;5.95;Bom;;;
76;Pindorama;6958846;211359;Cinnamomum zeylanicum;Canela-doce;Árvore;0.32;5.95;Bom;;;
76;Lago Frei Ivo;6958674;211318;Eriobotrya japonica;Ameixa;Árvore;0.37;5.95;Bom;;;
76;Lago Frei Ivo;6958669;211210;Ficus benjamina;figueira Benjamina;Árvore;0.43;5.95;Bom;;;
76;Pindorama;6958851;211368;Cinnamomum zeylanicum;Canela-doce;Árvore;0.45;5.95;Bom;;;
76;Pindorama;6958590;211279;Syzygium jambolanum;Jambolão;Árvore;0.55;5.95;Bom;;;
76;Lago Frei Ivo;6958670;211309;Hovenia dulcis;Uva-do-japão;Árvore;0.75;5.95;Bom;;;
76;Pindorama;6958642;211364;Mangifera indica;Mangueira;Árvore;0.9;5.95;Bom;;;
76;Pindorama;6958662;211324;Inga marginata;Ingá-de-porco;Árvore;1;6.4;Bom;;;
76;Lago Frei Ivo;6958743;211284;Ligustrum lucidum ;Legusto;Árvore;0.3;6.8;Bom;;;
76;Lago Frei Ivo;6958695;211243;Cupania vernalis;Camboatã-vermelho;Árvore;0.39;6.8;Bom;;;
76;Pindorama;6958664;211327;Handroanthus heptaphyllus;Ipê Roxo;Árvore;0.7;6.8;Regular;;;
76;Pindorama;6958799;211273;Ligustrum lucidum ;Legusto;Árvore;0.7;6.8;Bom;;;
76;Lago Frei Ivo;6958627;211257;Ficus luschnathiana;Figueira;Árvore;1;6.8;Bom;;;
76;Pindorama;6958789;211257;Ligustrum lucidum ;Legusto;Árvore;1.4;6.8;Bom;;;
76;Lago Frei Ivo;6958741;211285;Lonchocarpus nitidus;Rabo-de-bugio;Árvore;1.8;6.8;Bom;;;
76;Lago Frei Ivo;6958721;211306;Ficus cestrifolia;Figueira-mata-pau;Árvore;3.3;6.8;Bom;;;
76;Lago Frei Ivo;6958668;211325;Handroanthus heptaphyllus;Ipê-roxo;Árvore;0.45;7.65;Bom;;;
76;Lago Frei Ivo;6958703;211248;Holocalyx balansae;Alecrim-do-mato;Árvore;1;7.65;Bom;;;
76;Pindorama;6958762;211301;Ligustrum lucidum ;Legusto;Árvore;2.7;7.82;Bom;;;
76;Pindorama;6958727;211168;Tipuana tipu;Tipuana;Árvore;0.53;8.5;Bom;;;
76;Lago Frei Ivo;6958738;211286;Schinus terebinthifolius;Aroeira-Vermelha;Árvore;0.69;8.5;Bom;;;
76;Lago Frei Ivo;6958716;211186;Ficus luschnathiana;Figueira;Árvore;0.71;8.5;Bom;;;
76;Lago Frei Ivo;6958703;211321;Platanus sp;Plátano;Árvore;0.93;8.5;Bom;;;
76;Lago Frei Ivo;6958683;211243;Octea puberula;Canela guaicá;Árvore;1.1;8.5;Bom;;;
76;Lago Frei Ivo;6958684;211182;Ficus cestrifolia;Figueira-mata-pau;Árvore;1.23;8.5;Bom;;;
76;Pindorama;6958743;211168;Tipuana tipu;Tipuana;Árvore;1.4;8.5;Bom;;;
76;Lago Frei Ivo;6958688;211184;Ficus luschnathiana;Figueira ;Árvore;1.5;8.5;Bom;;;
76;Pindorama;6958748;211182;Tipuana tipu;Tipuana;Árvore;1.65;8.5;Bom;;;
76;Pindorama;6958802;211278;Cinnamomum zeylanicum;Canela-doce;Árvore;1.75;8.5;Bom;;;
76;Lago Frei Ivo;6958756;211280;Ligustrum lucidum ;Legusto;Árvore;2;8.5;Bom;;;
76;Lago Frei Ivo;6958665;211231;Ficus cestrifolia;Figueira Branca;Árvore;2.4;8.5;Bom;;;
76;Lago Frei Ivo;6958741;211284;Matayba sp;Camboatã-branco;Árvore;0.4;9.35;Bom;;;
76;Lago Frei Ivo;6958725;211242;Lonchocarpus nitidus;Rabo-de-bugio;Árvore;0.62;9.35;Bom;;;
76;Lago Frei Ivo;6958733;211220;Melia azedarach;Cinamomo;Árvore;0.7;9.35;Bom;;;
76;Lago Frei Ivo;6958728;211242;Macaerium paraguarienses;Farinha-seca;Árvore;0.8;9.35;Bom;;;
76;Lago Frei Ivo;6958713;211179;Tipuana tipu;Tipuana;Árvore;1.05;9.35;Bom;;;
76;Lago Frei Ivo;6958743;211284;sp32;não identificada;Árvore;0.21;10.2;Bom;;;
76;Lago Frei Ivo;6958694;211243;Cinnamomum zeylanicum;Canela-doce;Árvore;0.7;10.2;Bom;;;
76;Lago Frei Ivo;6958719;211244;Hovenia dulcis;Uva-do-japão;Árvore;0.8;10.2;Bom;;;
76;Lago Frei Ivo;6958722;211249;Hovenia dulcis;Uva-do-japão;Árvore;0.86;10.2;Bom;;;
76;Lago Frei Ivo;6958605;211226;Hovenia dulcis;Uva-do-japão;Árvore;0.94;10.2;Bom;;;
76;Lago Frei Ivo;6958692;211241;Diatenopemudo teryxrorbifolia;Maria Preta;Árvore;0.97;10.2;Bom;;;
76;Lago Frei Ivo;6958723;211249;Hovenia dulcis;Uva-do-japão;Árvore;1;10.2;Bom;;;
76;Pindorama;6958690;211241;Luehea divaricata;Açoita Cavalo;Árvore;1.05;10.2;Regular;;;
76;Pindorama;6958695;211245;Myrocarpus frondosus;Cabreuva;Árvore;1.07;10.2;Bom;;;
76;Pindorama;6958715;211170;Tipuana tipu;Tipuana;Árvore;1.45;10.2;Bom;;;
76;Lago Frei Ivo;6958685;211194;Ficus luschnathiana;Figueira;Árvore;2.9;10.71;Bom;;;
76;Pindorama;6958757;211197;Tipuana tipu;Tipuana;Árvore;1.3;11.05;Bom;;;
76;Lago Frei Ivo;6958754;211248;Ligustrum lucidum ;Legusto;Árvore;0.8;11.9;Bom;;;
76;Lago Frei Ivo;6958728;211242;Lonchocarpus muehlbergianus;Rabo-de-bugio;Árvore;0.9;11.9;Bom;;;
76;Lago Frei Ivo;6958738;211286;Lonchocarpus nitidus;Rabo-de-bugio;Árvore;1.4;11.9;Bom;;;
76;Lago Frei Ivo;6958733;211237;Apuleia leiocarpa;Grápia;Árvore;2.1;11.9;Bom;;;
76;Lago Frei Ivo;6958665;211314;Pinus sp;Pinus;Árvore;2.2;11.9;Bom;;;
76;Lago Frei Ivo;6958763;211221;Ficus cestrifolia;Figueira-Branca;Árvore;2.34;11.9;Bom;;;
76;Pindorama;6958684;211242;Eucaliptus sp;Eucalipto;Árvore;4;13.6;Regular;;;
77;Padre Gonzales;6962187;207775;Eriobotrya japonica;Ameixa;Árvore;0.32;3.4;Bom;;;
77;Padre Gonzales;6962190;207760;Prunus persica;Pêssego;Árvore;0.39;3.4;Bom;;;
77;Padre Gonzales;6962188;207753;Eriobotrya japonica;Ameixa;Árvore;0.35;5.1;Bom;;;
78;Padre Gonzales;6962062;207426;Lagerstroemia indica;Resedá;Árvore;0.2;1.6;Regular;;;
78;Padre Gonzales;6962053;207423;Lagerstroemia indica;Resedá;Árvore;0.2;1.6;Regular;;;
78;Padre Gonzales;6962043;207424;Lagerstroemia indica;Resedá;Árvore;0.3;1.8;Regular;;;
78;Padre Gonzales;6961945;207659;Ficus auriculata;Figueira-Chilena;Árvore;0.45;2.55;Regular;;;
78;Padre Gonzales;6961965;207666;Ficus auriculata;Figueira-Chilena;Árvore;0.52;2.55;Regular;;;
78;Padre Gonzales;6962043;207651;Cinnamomum zeylanicum;Canela-doce;Árvore;0.41;2.6;Bom;;;
78;Padre Gonzales;6961956;207668;Ficus auriculata;Figueira-Chilena;Árvore;0.45;3.4;Regular;;;
78;Padre Gonzales;6961942;207663;Ficus auriculata;Figueira-Chilena;Árvore;0.6;3.4;Regular;;;
78;Padre Gonzales;6961940;207651;Ficus auriculata;Figueira-Chilena;Árvore;0.5;3.74;Regular;;;
78;Padre Gonzales;6962010;207657;Cinnamomum zeylanicum;Canela-doce;Árvore;0.24;5.1;Regular;;;
78;Padre Gonzales;6962034;207654;Cinnamomum zeylanicum;Canela-doce;Árvore;0.27;5.1;Bom;;;
78;Padre Gonzales;6962028;207654;Cinnamomum zeylanicum;Canela-doce;Árvore;0.28;5.1;Bom;;;
78;Padre Gonzales;6962011;207658;Cinnamomum zeylanicum;Canela-doce;Árvore;0.3;5.1;Bom;;;
78;Padre Gonzales;6962000;207659;Cinnamomum zeylanicum;Canela-doce;Árvore;0.37;5.1;Bom;;;
78;Padre Gonzales;6962095;207418;Cinnamomum zeylanicum;Canela-doce;Árvore;0.5;5.1;Bom;;;
78;Padre Gonzales;6962035;207419;Cinnamomum zeylanicum;Canela-doce;Árvore;0.5;5.1;Bom;;;
78;Padre Gonzales;6962041;207654;Cinnamomum zeylanicum;Canela-doce;Árvore;0.59;5.1;Bom;;;
78;Padre Gonzales;6961928;207576;Octea puberula;Canela guaicá;Árvore;0.41;5.44;Regular;;;
78;Padre Gonzales;6962027;207657;Cinnamomum zeylanicum;Canela-doce;Árvore;0.46;5.95;Bom;;;
78;Padre Gonzales;6961930;207579;Octea puberula;Canela guaicá;Árvore;0.67;5.95;Péssimo;;;
78;Padre Gonzales;6961939;207634;Octea puberula;Canela guaicá;Árvore;1;5.95;Bom;;;
78;Padre Gonzales;6961928;207567;Octea puberula;Canela guaicá;Árvore;1;5.95;Bom;;;
78;Padre Gonzales;6962027;207656;Cinnamomum zeylanicum;Canela-doce;Árvore;0.45;6.8;Bom;;;
78;Padre Gonzales;6961936;207627;Octea puberula;Canela guaicá;Árvore;0.64;6.8;Bom;;;
78;Padre Gonzales;6961994;207663;Cinnamomum zeylanicum;Canela-doce;Árvore;0.7;6.8;Bom;;;
78;Padre Gonzales;6961940;207636;Cinnamomum zeylanicum;Canela-doce;Árvore;0.78;6.8;Bom;;;
78;Padre Gonzales;6962026;207657;Cinnamomum zeylanicum;Canela-doce;Árvore;0.45;7.65;Bom;;;
78;Padre Gonzales;6961941;207641;Octea puberula;Canela guaicá;Árvore;1.15;7.65;Bom;;;
78;Padre Gonzales;6962021;207657;Cinnamomum zeylanicum;Canela-doce;Árvore;0.7;8.5;Bom;;;
79;Padre Gonzales;6962038;207462;Lagerstroemia indica;Resedá;Árvore;0.22;2.1;Regular;;;
79;Padre Gonzales;6962084;207424;Lagerstroemia indica;Resedá;Árvore;0.22;2.85;Regular;;;
79;Padre Gonzales;6962051;207423;Lagerstroemia indica;Resedá;Árvore;0.27;3.4;Regular;;;
79;Padre Gonzales;6962065;207422;Mangifera indica;Mangueira;Árvore;0.5;5.1;Bom;;;
79;Padre Gonzales;6962046;207515;Ficus benjamina;figueira Benjamina;Árvore;1.7;6.8;Bom;;;
79;Padre Gonzales;6962047;207516;Ficus benjamina;figueira Benjamina;Árvore;1.8;6.8;Regular;;;
79;Padre Gonzales;6962044;207493;Ficus benjamina;figueira Benjamina;Árvore;2.4;6.8;Regular;;;
79;Padre Gonzales;6962042;207484;Ficus benjamina;figueira Benjamina;Árvore;1.22;7.65;Regular;;;
79;Padre Gonzales;6962042;207482;Ficus benjamina;figueira Benjamina;Árvore;1.45;7.65;Bom;;;
79;Padre Gonzales;6962045;207510;Ficus benjamina;figueira Benjamina;Árvore;1.55;7.65;Regular;;;
79;Padre Gonzales;6962042;207489;Ficus benjamina;figueira Benjamina;Árvore;0.91;7.82;Regular;;;
79;Padre Gonzales;6962044;207503;Ficus benjamina;figueira Benjamina;Árvore;1.8;7.82;Bom;;;
79;Padre Gonzales;6962041;207478;Ficus benjamina;figueira Benjamina;Árvore;2.1;7.82;Regular;;;
80;Padre Gonzales;6962119;207215;Cinnamomum zeylanicum;Canela-doce;Árvore;0.1;3.4;Bom;;;
80;Padre Gonzales;6962118;207196;Cinnamomum zeylanicum;Canela-doce;Árvore;0.15;3.4;Bom;;;
80;Padre Gonzales;6962119;207213;Cinnamomum zeylanicum;Canela-doce;Árvore;0.17;4.25;Bom;;;
80;Padre Gonzales;6962129;207216;Chamaecyparis obtusa;Cipreste;Árvore;0.7;4.25;Bom;;;
80;Padre Gonzales;6962116;207213;Cinnamomum zeylanicum;Canela-doce;Árvore;0.13;4.42;Bom;;;
80;Padre Gonzales;6962119;207199;Cinnamomum zeylanicum;Canela-doce;Árvore;0.2;5.1;Bom;;;
80;Padre Gonzales;6962116;207212;Cinnamomum zeylanicum;Canela-doce;Árvore;0.37;5.1;Bom;;;
80;Padre Gonzales;6962131;207217;Chamaecyparis obtusa;Cipreste;Árvore;0.8;5.1;Bom;;;
80;Padre Gonzales;6962146;207211;Ficus auriculata;Figueira-chilena;Árvore;0.85;5.1;Regular;;;
80;Padre Gonzales;6962128;207217;Chamaecyparis obtusa;Cipreste;Árvore;1.3;5.1;Bom;;;
80;Padre Gonzales;6962113;207186;Mangifera indica;Mangueira;Árvore;0.9;6.12;Bom;;;
80;Padre Gonzales;6962119;207208;Cinnamomum zeylanicum;Canela-doce;Árvore;0.25;6.8;Bom;;;
80;Padre Gonzales;6962119;207280;Cinnamomum zeylanicum;Canela-doce;Árvore;0.58;6.8;Bom;;;
80;Padre Gonzales;6962115;207188;Mangifera indica;Mangueira;Árvore;0.65;6.8;Bom;;;
80;Padre Gonzales;6962120;207205;Cinnamomum zeylanicum;Canela-doce;Árvore;0.6;7.65;Bom;;;
80;Padre Gonzales;6962119;207202;Cinnamomum zeylanicum;Canela-doce;Árvore;0.52;7.82;Bom;;;
80;Padre Gonzales;6962159;207203;Mangifera indica;Mangueira;Árvore;1.51;7.82;Bom;;;
80;Padre Gonzales;6962120;207211;Cinnamomum zeylanicum;Canela-doce;Árvore;0.35;8.5;Bom;;;